<?xml version="1.0"?>
<schemas><schema name="cpu-profile" topology="XRT64_CC32_R_TypeID"><column mnemonic="time" engineeringType="sample-time" engineeringName="Sample Time" topologyField="XRTraceRelativeTimestampFieldID"/><column mnemonic="thread" engineeringType="thread" engineeringName="Thread" topologyField="XRCategory1FieldID"/><column mnemonic="process" engineeringType="process" engineeringName="Process"/><column mnemonic="core" engineeringType="core" engineeringName="Core"/><column mnemonic="thread-state" engineeringType="thread-state" engineeringName="State"/><column mnemonic="weight" engineeringType="cycle-weight" engineeringName="Weight"/><column mnemonic="stack" engineeringType="backtrace" engineeringName="Backtrace"/></schema></schemas>
