<?xml version="1.0"?>
<schemas><schema name="kdebug" topology="XRT64_CC32_R_TypeID"><column mnemonic="time" engineeringType="event-time" engineeringName="Timestamp" topologyField="XRTraceRelativeTimestampFieldID"/><column mnemonic="thread" engineeringType="thread" engineeringName="Thread" topologyField="XRCategory1FieldID"/><column mnemonic="core-index" engineeringType="core" engineeringName="Core Index"/><column mnemonic="thread-state" engineeringType="thread-state" engineeringName="Thread State"/><column mnemonic="cp-kernel-callstack" engineeringType="kperf-bt" engineeringName="CP Kernel Callstack"/><column mnemonic="cp-user-callstack" engineeringType="kperf-bt" engineeringName="CP User Callstack"/><column mnemonic="class" engineeringType="kdebug-class" engineeringName="Class"/><column mnemonic="subclass" engineeringType="kdebug-subclass" engineeringName="Subclass"/><column mnemonic="code" engineeringType="kdebug-code" engineeringName="Code"/><column mnemonic="function" engineeringType="kdebug-func" engineeringName="Qualifier"/><column mnemonic="arg1" engineeringType="kdebug-arg" engineeringName="Argument 1"/><column mnemonic="arg2" engineeringType="kdebug-arg" engineeringName="Argument 2"/><column mnemonic="arg3" engineeringType="kdebug-arg" engineeringName="Argument 3"/><column mnemonic="arg4" engineeringType="kdebug-arg" engineeringName="Argument 4"/></schema><schema name="kdebug-counters-with-kdebug-sample" topology="XRT64_CC32_R_TypeID"><column mnemonic="time" engineeringType="event-time" engineeringName="Timestamp" topologyField="XRTraceRelativeTimestampFieldID"/><column mnemonic="thread" engineeringType="thread" engineeringName="Thread" topologyField="XRCategory1FieldID"/><column mnemonic="core-index" engineeringType="core" engineeringName="Core Index"/><column mnemonic="thread-state" engineeringType="thread-state" engineeringName="Thread State"/><column mnemonic="cp-kernel-callstack" engineeringType="kperf-bt" engineeringName="CP Kernel Callstack"/><column mnemonic="cp-user-callstack" engineeringType="kperf-bt" engineeringName="CP User Callstack"/><column mnemonic="class" engineeringType="kdebug-class" engineeringName="Class"/><column mnemonic="subclass" engineeringType="kdebug-subclass" engineeringName="Subclass"/><column mnemonic="code" engineeringType="kdebug-code" engineeringName="Code"/><column mnemonic="function" engineeringType="kdebug-func" engineeringName="Qualifier"/><column mnemonic="arg1" engineeringType="kdebug-arg" engineeringName="Argument 1"/><column mnemonic="arg2" engineeringType="kdebug-arg" engineeringName="Argument 2"/><column mnemonic="arg3" engineeringType="kdebug-arg" engineeringName="Argument 3"/><column mnemonic="arg4" engineeringType="kdebug-arg" engineeringName="Argument 4"/><column mnemonic="counters-array" engineeringType="pmc-events" engineeringName="Counter Value Array"/></schema><schema name="kdebug-strings" topology="XRT64_CC32_R_TypeID"><column mnemonic="time" engineeringType="event-time" engineeringName="Timestamp" topologyField="XRTraceRelativeTimestampFieldID"/><column mnemonic="raw-string" engineeringType="raw-string" engineeringName="Raw String" topologyField="XRCategory1FieldID"/><column mnemonic="raw-string-id" engineeringType="kdebug-string" engineeringName="Raw String ID"/></schema><schema name="tid-pid-mapping" topology="XRT64_CC32_R_TypeID"><column mnemonic="time" engineeringType="event-time" engineeringName="Timestamp" topologyField="XRTraceRelativeTimestampFieldID"/><column mnemonic="pid" engineeringType="pid" engineeringName="Process ID" topologyField="XRCategory1FieldID"/><column mnemonic="tid" engineeringType="tid" engineeringName="Thread ID"/></schema><schema name="visual-chain" topology="XRT64_CC32_R_TypeID"><column mnemonic="time" engineeringType="sample-time" engineeringName="Timestamp" topologyField="XRTraceRelativeTimestampFieldID"/><column mnemonic="uuid" engineeringType="connection-uuid64" engineeringName="UUID"/><column mnemonic="uuid-chain" engineeringType="visual-uuid-chain" engineeringName="UUID Chain"/><column mnemonic="route" engineeringType="connection-route" engineeringName="Route"/></schema><schema name="tick" topology="XRT64_CC32_R_TypeID"><column mnemonic="time" engineeringType="sample-time" engineeringName="Timestamp" topologyField="XRTraceRelativeTimestampFieldID"/></schema><schema name="time-info" topology="XRT64_CC32_R_TypeID"><column mnemonic="update-time" engineeringType="sample-time" engineeringName="Update Time" topologyField="XRTraceRelativeTimestampFieldID"/><column mnemonic="mabs-epoch" engineeringType="mach-absolute-time" engineeringName="Run Epoch"/><column mnemonic="mct-epoch" engineeringType="mach-continuous-time" engineeringName="Continuous Epoch"/><column mnemonic="timebase-info" engineeringType="mach-timebase-info" engineeringName="Timebase"/><column mnemonic="trace-start-time" engineeringType="time-since-epoch" engineeringName="Trace Start Time"/></schema><schema name="console-output" topology="XRT64_CC32_R_TypeID"><column mnemonic="time" engineeringType="event-time" engineeringName="Timestamp" topologyField="XRTraceRelativeTimestampFieldID"/><column mnemonic="pid" engineeringType="pid" engineeringName="Process ID" topologyField="XRCategory1FieldID"/><column mnemonic="text" engineeringType="narrative" engineeringName="Text"/></schema><schema name="target-capability" topology="XRT64_CC32_R_TypeID"><column mnemonic="time" engineeringType="event-time" engineeringName="Timestamp" topologyField="XRTraceRelativeTimestampFieldID"/><column mnemonic="name" engineeringType="capability" engineeringName="Capability" topologyField="XRCategory1FieldID"/><column mnemonic="version" engineeringType="version" engineeringName="Version"/></schema><schema name="syscall-name-map" topology="XRT64_CC32_R_TypeID"><column mnemonic="time" engineeringType="event-time" engineeringName="Timestamp" topologyField="XRTraceRelativeTimestampFieldID"/><column mnemonic="name" engineeringType="syscall" engineeringName="Name" topologyField="XRCategory1FieldID"/><column mnemonic="class" engineeringType="kdebug-class" engineeringName="Class"/><column mnemonic="subclass" engineeringType="kdebug-subclass" engineeringName="Subclass"/><column mnemonic="code" engineeringType="kdebug-code" engineeringName="Code"/></schema><schema name="configured-network-interface" topology="XRT64_CC32_R_TypeID"><column mnemonic="time" engineeringType="event-time" engineeringName="Timestamp" topologyField="XRTraceRelativeTimestampFieldID"/><column mnemonic="bsd-name" engineeringType="network-interface" engineeringName="BSD Name" topologyField="XRCategory1FieldID"/><column mnemonic="display-name" engineeringType="string" engineeringName="Display Name"/></schema><schema name="thread-name" topology="XRT64_CC32_R_TypeID"><column mnemonic="time" engineeringType="sample-time" engineeringName="Start Time" topologyField="XRTraceRelativeTimestampFieldID"/><column mnemonic="thread" engineeringType="thread" engineeringName="Thread" topologyField="XRCategory1FieldID"/><column mnemonic="name" engineeringType="thread-name" engineeringName="Thread Name"/></schema><schema name="os-log" topology="XRT64_CC32_R_TypeID"><column mnemonic="time" engineeringType="event-time" engineeringName="Timestamp" topologyField="XRTraceRelativeTimestampFieldID"/><column mnemonic="thread" engineeringType="thread" engineeringName="Thread" topologyField="XRCategory1FieldID"/><column mnemonic="process" engineeringType="process" engineeringName="Process"/><column mnemonic="message-type" engineeringType="event-type" engineeringName="Type"/><column mnemonic="format-string" engineeringType="format-string" engineeringName="Format String"/><column mnemonic="backtrace" engineeringType="text-backtrace" engineeringName="Backtrace"/><column mnemonic="subsystem" engineeringType="subsystem" engineeringName="Subsystem"/><column mnemonic="category" engineeringType="category" engineeringName="Category"/><column mnemonic="message" engineeringType="os-log-metadata" engineeringName="Message"/></schema><schema name="os-log-arg" topology="XRT64_CC32_R_TypeID"><column mnemonic="time" engineeringType="event-time" engineeringName="Timestamp" topologyField="XRTraceRelativeTimestampFieldID"/><column mnemonic="format-string" engineeringType="format-string" engineeringName="Format String" topologyField="XRCategory1FieldID"/><column mnemonic="name" engineeringType="string" engineeringName="Name"/><column mnemonic="thread" engineeringType="thread" engineeringName="Thread"/><column mnemonic="subsystem" engineeringType="subsystem" engineeringName="Subsystem"/><column mnemonic="category" engineeringType="category" engineeringName="Category"/><column mnemonic="value" engineeringType="any" engineeringName="Value"/></schema><schema name="os-signpost-arg" topology="XRT64_CC32_R_TypeID"><column mnemonic="time" engineeringType="event-time" engineeringName="Timestamp" topologyField="XRTraceRelativeTimestampFieldID"/><column mnemonic="format-string" engineeringType="format-string" engineeringName="Format String" topologyField="XRCategory1FieldID"/><column mnemonic="identifier" engineeringType="os-signpost-identifier" engineeringName="Signpost identifier"/><column mnemonic="signpost-name" engineeringType="signpost-name" engineeringName="Signpost Name"/><column mnemonic="name" engineeringType="string" engineeringName="Name"/><column mnemonic="thread" engineeringType="thread" engineeringName="Thread"/><column mnemonic="subsystem" engineeringType="subsystem" engineeringName="Subsystem"/><column mnemonic="category" engineeringType="category" engineeringName="Category"/><column mnemonic="value" engineeringType="any" engineeringName="Value"/></schema><schema name="os-signpost" topology="XRT64_CC32_R_TypeID"><column mnemonic="time" engineeringType="event-time" engineeringName="Timestamp" topologyField="XRTraceRelativeTimestampFieldID"/><column mnemonic="thread" engineeringType="thread" engineeringName="Thread" topologyField="XRCategory1FieldID"/><column mnemonic="process" engineeringType="process" engineeringName="Process"/><column mnemonic="event-type" engineeringType="event-type" engineeringName="Event Type"/><column mnemonic="scope" engineeringType="string" engineeringName="Scope"/><column mnemonic="identifier" engineeringType="os-signpost-identifier" engineeringName="Signpost identifier"/><column mnemonic="name" engineeringType="signpost-name" engineeringName="Name"/><column mnemonic="format-string" engineeringType="format-string" engineeringName="Format String"/><column mnemonic="backtrace" engineeringType="text-backtrace" engineeringName="Backtrace"/><column mnemonic="subsystem" engineeringType="subsystem" engineeringName="Subsystem"/><column mnemonic="category" engineeringType="category" engineeringName="Category"/><column mnemonic="message" engineeringType="os-log-metadata" engineeringName="Message"/></schema><schema name="developer-thread-name-update" topology="XRT64_CC32_R_TypeID"><column mnemonic="time" engineeringType="event-time" engineeringName="Timestamp" topologyField="XRTraceRelativeTimestampFieldID"/><column mnemonic="thread-name" engineeringType="thread-name" engineeringName="Thread"/></schema><schema name="visual-connection" topology="XRTD64_CC32_R_TypeID"><column mnemonic="time" engineeringType="sample-time" engineeringName="Timestamp" topologyField="XRTraceRelativeTimestampFieldID"/><column mnemonic="duration" engineeringType="duration" engineeringName="Duration" topologyField="XRDurationFieldID"/><column mnemonic="uuid" engineeringType="connection-uuid64" engineeringName="UUID"/><column mnemonic="source-uuid" engineeringType="connection-uuid64" engineeringName="Source UUID"/><column mnemonic="sink-uuid" engineeringType="connection-uuid64" engineeringName="Sink UUID"/><column mnemonic="filter" engineeringType="connection-filter" engineeringName="Filter"/><column mnemonic="metadata" engineeringType="connection-meta" engineeringName="Metadata"/><column mnemonic="color" engineeringType="any" engineeringName="Color"/><column mnemonic="route" engineeringType="connection-route" engineeringName="Route"/></schema><schema name="thread-narrative" topology="XRTD64_CC32_R_TypeID"><column mnemonic="start" engineeringType="start-time" engineeringName="Timestamp" topologyField="XRTraceRelativeTimestampFieldID"/><column mnemonic="duration" engineeringType="duration" engineeringName="Duration" topologyField="XRDurationFieldID"/><column mnemonic="process" engineeringType="process" engineeringName="Process" topologyField="XRCategory1FieldID"/><column mnemonic="thread" engineeringType="thread" engineeringName="Thread" topologyField="XRCategory2FieldID"/><column mnemonic="significance" engineeringType="narrative-significance" engineeringName="Significance"/><column mnemonic="narrative" engineeringType="narrative" engineeringName="Narrative"/><column mnemonic="certainty" engineeringType="narrative-certainty" engineeringName="Certainty"/><column mnemonic="backtrace" engineeringType="backtrace" engineeringName="Backtrace"/></schema><schema name="cpu-narrative" topology="XRTD64_CC32_R_TypeID"><column mnemonic="start" engineeringType="start-time" engineeringName="Timestamp" topologyField="XRTraceRelativeTimestampFieldID"/><column mnemonic="duration" engineeringType="duration" engineeringName="Duration" topologyField="XRDurationFieldID"/><column mnemonic="cpu" engineeringType="core" engineeringName="CPU" topologyField="XRCategory1FieldID"/><column mnemonic="significance" engineeringType="narrative-significance" engineeringName="Significance" topologyField="XRCategory2FieldID"/><column mnemonic="narrative" engineeringType="narrative" engineeringName="Narrative"/><column mnemonic="backtrace" engineeringType="backtrace" engineeringName="Backtrace"/></schema></schemas>
