<?xml version="1.0"?>
<schemas><schema name="vnode-to-path" topology="XRT64_CC32_R_TypeID"><column mnemonic="timestamp" engineeringType="event-time" engineeringName="Timestamp" topologyField="XRTraceRelativeTimestampFieldID"/><column mnemonic="vnode" engineeringType="vnode" engineeringName="Vnode"/><column mnemonic="process" engineeringType="process" engineeringName="Process"/><column mnemonic="path" engineeringType="file-path" engineeringName="Path"/><column mnemonic="thread" engineeringType="thread" engineeringName="Thread"/><column mnemonic="backtrace" engineeringType="backtrace" engineeringName="Backtrace"/></schema><schema name="file-descriptor-time-slice" topology="XRTD64_CC32_R_TypeID"><column mnemonic="start" engineeringType="start-time" engineeringName="Open Time" topologyField="XRTraceRelativeTimestampFieldID"/><column mnemonic="duration" engineeringType="duration" engineeringName="Open Duration" topologyField="XRDurationFieldID"/><column mnemonic="process" engineeringType="process" engineeringName="Process"/><column mnemonic="fd" engineeringType="fd" engineeringName="File Descriptor"/><column mnemonic="path" engineeringType="file-path" engineeringName="Path"/><column mnemonic="fd-open-backtrace" engineeringType="backtrace" engineeringName="Backtrace"/></schema><schema name="detected-fs-antipattern" topology="XRTD64_CC32_R_TypeID"><column mnemonic="start" engineeringType="start-time" engineeringName="Start" topologyField="XRTraceRelativeTimestampFieldID"/><column mnemonic="duration" engineeringType="duration" engineeringName="Duration" topologyField="XRDurationFieldID"/><column mnemonic="end" engineeringType="event-time" engineeringName="End"/><column mnemonic="description" engineeringType="narrative" engineeringName="Description"/><column mnemonic="suggestion" engineeringType="narrative" engineeringName="Suggestion"/><column mnemonic="backtrace" engineeringType="backtrace" engineeringName="Offending Operation"/><column mnemonic="process" engineeringType="process" engineeringName="Process"/><column mnemonic="fd" engineeringType="fd" engineeringName="File Descriptor"/><column mnemonic="arg1" engineeringType="syscall-arg" engineeringName="First Argument"/><column mnemonic="arg2" engineeringType="syscall-arg" engineeringName="Second Argument"/><column mnemonic="arg3" engineeringType="syscall-arg" engineeringName="Third Argument"/><column mnemonic="arg4" engineeringType="syscall-arg" engineeringName="Fourth Argument"/><column mnemonic="path" engineeringType="file-path" engineeringName="Path"/><column mnemonic="syscall" engineeringType="syscall" engineeringName="System Call"/><column mnemonic="thread" engineeringType="thread" engineeringName="Thread"/><column mnemonic="type" engineeringType="string" engineeringName="Type"/><column mnemonic="significance" engineeringType="event-concept" engineeringName="Significance"/></schema><schema name="raw-virtualfilesystem-call" topology="XRTD64_CC32_R_TypeID"><column mnemonic="start" engineeringType="start-time" engineeringName="Start" topologyField="XRTraceRelativeTimestampFieldID"/><column mnemonic="duration" engineeringType="duration" engineeringName="Duration" topologyField="XRDurationFieldID"/><column mnemonic="call" engineeringType="syscall" engineeringName="Call" topologyField="XRCategory1FieldID"/><column mnemonic="end" engineeringType="event-time" engineeringName="End"/><column mnemonic="thread" engineeringType="thread" engineeringName="Thread"/><column mnemonic="process" engineeringType="process" engineeringName="Process"/><column mnemonic="arg1" engineeringType="kdebug-arg" engineeringName="Arg1"/><column mnemonic="arg2" engineeringType="kdebug-arg" engineeringName="Arg2"/><column mnemonic="arg3" engineeringType="kdebug-arg" engineeringName="Arg3"/><column mnemonic="arg4" engineeringType="kdebug-arg" engineeringName="Arg4"/><column mnemonic="return" engineeringType="kdebug-arg" engineeringName="Return"/><column mnemonic="errno" engineeringType="syscall-return" engineeringName="Error"/><column mnemonic="backtrace" engineeringType="backtrace" engineeringName="Stack"/><column mnemonic="signature" engineeringType="narrative" engineeringName="Signature"/></schema><schema name="disk-io-routine" topology="XRTD64_CC32_R_TypeID"><column mnemonic="start" engineeringType="start-time" engineeringName="Start" topologyField="XRTraceRelativeTimestampFieldID"/><column mnemonic="duration" engineeringType="duration" engineeringName="Total Latency" topologyField="XRDurationFieldID"/><column mnemonic="end" engineeringType="event-time" engineeringName="End"/><column mnemonic="backtrace" engineeringType="backtrace" engineeringName="Backtrace"/><column mnemonic="operation" engineeringType="diskio-operation" engineeringName="Operation"/><column mnemonic="buffer" engineeringType="kdebug-arg" engineeringName="Buffer"/><column mnemonic="path" engineeringType="file-path" engineeringName="Path"/><column mnemonic="block-device" engineeringType="kdebug-arg" engineeringName="Block device"/><column mnemonic="block-number" engineeringType="kdebug-arg" engineeringName="Block number"/><column mnemonic="extra-flags" engineeringType="string" engineeringName="Extra Flags"/><column mnemonic="bytes" engineeringType="size-in-bytes" engineeringName="Bytes"/><column mnemonic="thread" engineeringType="thread" engineeringName="Thread"/><column mnemonic="vnode" engineeringType="vnode" engineeringName="Vnode"/><column mnemonic="process" engineeringType="process" engineeringName="Process"/><column mnemonic="flags" engineeringType="uint64" engineeringName="Flags"/><column mnemonic="tier" engineeringType="uint64" engineeringName="Tier"/><column mnemonic="latency-per-4k" engineeringType="duration" engineeringName="Latency per 4KB"/></schema><schema name="fs-syscall" topology="XRTD64_CC32_R_TypeID"><column mnemonic="start" engineeringType="start-time" engineeringName="Start" topologyField="XRTraceRelativeTimestampFieldID"/><column mnemonic="duration" engineeringType="duration" engineeringName="Duration" topologyField="XRDurationFieldID"/><column mnemonic="end" engineeringType="event-time" engineeringName="End"/><column mnemonic="syscall" engineeringType="syscall" engineeringName="Syscall"/><column mnemonic="signature" engineeringType="narrative" engineeringName="Signature"/><column mnemonic="type" engineeringType="string" engineeringName="Type"/><column mnemonic="arg1" engineeringType="syscall-arg" engineeringName="First Argument"/><column mnemonic="arg2" engineeringType="syscall-arg" engineeringName="Second Argument"/><column mnemonic="arg3" engineeringType="syscall-arg" engineeringName="Third Argument"/><column mnemonic="arg4" engineeringType="syscall-arg" engineeringName="Fourth Argument"/><column mnemonic="return" engineeringType="syscall-return" engineeringName="Return"/><column mnemonic="process" engineeringType="process" engineeringName="Process"/><column mnemonic="backtrace" engineeringType="backtrace" engineeringName="Backtrace"/><column mnemonic="thread" engineeringType="thread" engineeringName="Thread"/><column mnemonic="file-created" engineeringType="boolean" engineeringName="Create"/><column mnemonic="file-deleted" engineeringType="boolean" engineeringName="Delete"/><column mnemonic="vnode" engineeringType="vnode" engineeringName="Vnode"/><column mnemonic="path" engineeringType="file-path" engineeringName="Path"/><column mnemonic="narrative" engineeringType="narrative" engineeringName="Narrative"/><column mnemonic="fd" engineeringType="fd" engineeringName="File Descriptor"/><column mnemonic="file-mode" engineeringType="string" engineeringName="File Mode"/><column mnemonic="lwrites" engineeringType="size-in-bytes" engineeringName="Logical Writes"/><column mnemonic="lreads" engineeringType="size-in-bytes" engineeringName="Logical Reads"/><column mnemonic="bytes" engineeringType="size-in-bytes" engineeringName="Other Filesystem Bytes"/><column mnemonic="errno" engineeringType="syscall-return" engineeringName="Error"/></schema><schema name="disk-io-latency-average" topology="XRTD64_CC32_R_TypeID"><column mnemonic="start" engineeringType="start-time" engineeringName="Start" topologyField="XRTraceRelativeTimestampFieldID"/><column mnemonic="duration" engineeringType="duration" engineeringName="duration" topologyField="XRDurationFieldID"/><column mnemonic="end" engineeringType="event-time" engineeringName="End"/><column mnemonic="max-latency-per-4k" engineeringType="duration" engineeringName="Max Latency Per 4KB"/><column mnemonic="significance" engineeringType="event-concept" engineeringName="Significance"/></schema></schemas>
