<?xml version="1.0"?>
<schemas><schema name="coreanimation-hid-event" topology="XRT64_CC32_R_TypeID"><column mnemonic="time" engineeringType="sample-time" engineeringName="Timestamp" topologyField="XRTraceRelativeTimestampFieldID"/><column mnemonic="name" engineeringType="string" engineeringName="Name"/></schema><schema name="coreanimation-commit-profile" topology="XRT64_CC32_R_TypeID"><column mnemonic="time" engineeringType="sample-time" engineeringName="Time" topologyField="XRTraceRelativeTimestampFieldID"/><column mnemonic="process" engineeringType="process" engineeringName="Process"/><column mnemonic="thread" engineeringType="thread" engineeringName="Thread"/><column mnemonic="severity" engineeringType="event-concept" engineeringName="Severity"/><column mnemonic="stack" engineeringType="backtrace" engineeringName="Backtrace"/></schema><schema name="coreanimation-commit-interval" topology="XRTD64_CC32_R_TypeID"><column mnemonic="start" engineeringType="start-time" engineeringName="Start" topologyField="XRTraceRelativeTimestampFieldID"/><column mnemonic="duration" engineeringType="duration" engineeringName="Duration" topologyField="XRDurationFieldID"/><column mnemonic="process" engineeringType="process" engineeringName="Process"/><column mnemonic="thread" engineeringType="thread" engineeringName="Thread"/><column mnemonic="transaction" engineeringType="uint32" engineeringName="Transaction ID"/><column mnemonic="narrative" engineeringType="formatted-label" engineeringName="Description"/><column mnemonic="severity" engineeringType="event-concept" engineeringName="Severity"/><column mnemonic="layout-qualifier" engineeringType="layout-id" engineeringName="Layout ID"/></schema><schema name="coreanimation-commit-summary" topology="XRTD64_CC32_R_TypeID"><column mnemonic="start" engineeringType="start-time" engineeringName="Start" topologyField="XRTraceRelativeTimestampFieldID"/><column mnemonic="duration" engineeringType="duration" engineeringName="Duration" topologyField="XRDurationFieldID"/><column mnemonic="severity" engineeringType="event-concept" engineeringName="Severity"/><column mnemonic="narrative" engineeringType="formatted-label" engineeringName="Process Description"/></schema><schema name="coreanimation-context-interval" topology="XRTD64_CC32_R_TypeID"><column mnemonic="start" engineeringType="start-time" engineeringName="Start" topologyField="XRTraceRelativeTimestampFieldID"/><column mnemonic="duration" engineeringType="duration" engineeringName="Duration" topologyField="XRDurationFieldID"/><column mnemonic="process" engineeringType="process" engineeringName="Process"/><column mnemonic="thread" engineeringType="thread" engineeringName="Thread"/><column mnemonic="phase" engineeringType="string" engineeringName="Phase"/><column mnemonic="count" engineeringType="event-count" engineeringName="Layer Count"/><column mnemonic="context" engineeringType="address" engineeringName="Context"/></schema><schema name="coreanimation-context-summary" topology="XRTD64_CC32_R_TypeID"><column mnemonic="start" engineeringType="start-time" engineeringName="Start" topologyField="XRTraceRelativeTimestampFieldID"/><column mnemonic="duration" engineeringType="duration" engineeringName="Duration" topologyField="XRDurationFieldID"/><column mnemonic="process" engineeringType="process" engineeringName="Process"/><column mnemonic="narrative" engineeringType="formatted-label" engineeringName="Narrative"/><column mnemonic="severity" engineeringType="event-concept" engineeringName="Severity"/></schema><schema name="coreanimation-layer-interval" topology="XRTD64_CC32_R_TypeID"><column mnemonic="start" engineeringType="start-time" engineeringName="Start" topologyField="XRTraceRelativeTimestampFieldID"/><column mnemonic="duration" engineeringType="duration" engineeringName="Duration" topologyField="XRDurationFieldID"/><column mnemonic="process" engineeringType="process" engineeringName="Process"/><column mnemonic="thread" engineeringType="thread" engineeringName="Thread"/><column mnemonic="phase" engineeringType="string" engineeringName="Phase"/><column mnemonic="context" engineeringType="address" engineeringName="Context"/><column mnemonic="narrative" engineeringType="formatted-label" engineeringName="Narrative"/><column mnemonic="layer" engineeringType="address" engineeringName="Layer"/><column mnemonic="layout-qualifier" engineeringType="layout-id" engineeringName="Layout ID"/></schema><schema name="coreanimation-server-interval" topology="XRTD64_CC32_R_TypeID"><column mnemonic="start" engineeringType="start-time" engineeringName="Start" topologyField="XRTraceRelativeTimestampFieldID"/><column mnemonic="duration" engineeringType="duration" engineeringName="Duration" topologyField="XRDurationFieldID"/><column mnemonic="thread" engineeringType="thread" engineeringName="Thread"/><column mnemonic="display-id" engineeringType="uint32" engineeringName="Display ID"/><column mnemonic="swap-id" engineeringType="uint32" engineeringName="Swap ID"/><column mnemonic="frame-seed" engineeringType="uint32" engineeringName="Frame Seed"/><column mnemonic="render-count" engineeringType="uint32" engineeringName="Render Passes"/></schema><schema name="coreanimation-lifetime-interval" topology="XRTD64_CC32_R_TypeID"><column mnemonic="start" engineeringType="start-time" engineeringName="Start" topologyField="XRTraceRelativeTimestampFieldID"/><column mnemonic="duration" engineeringType="duration" engineeringName="Duration" topologyField="XRDurationFieldID"/><column mnemonic="display-id" engineeringType="uint32" engineeringName="Display ID"/><column mnemonic="lifetime-id" engineeringType="uint32" engineeringName="Frame #"/><column mnemonic="swap-id" engineeringType="uint32" engineeringName="Swap ID"/><column mnemonic="frame-seed" engineeringType="uint32" engineeringName="Frame Seed"/><column mnemonic="hitch-duration" engineeringType="duration" engineeringName="Hitch Duration"/><column mnemonic="acceptable-latency" engineeringType="duration" engineeringName="Acceptable Latency"/><column mnemonic="hid-latency" engineeringType="duration" engineeringName="Event Latency"/><column mnemonic="render-start" engineeringType="start-time" engineeringName="Server Render Start"/><column mnemonic="render-duration" engineeringType="duration" engineeringName="Server Render Duration"/><column mnemonic="layout-qualifier" engineeringType="layout-id" engineeringName="Layout ID"/><column mnemonic="type-label" engineeringType="string" engineeringName="Hitch Type"/><column mnemonic="narrative" engineeringType="formatted-label" engineeringName="Description"/><column mnemonic="severity" engineeringType="event-concept" engineeringName="Severity"/><column mnemonic="color" engineeringType="render-buffer-depth" engineeringName="Color"/></schema></schemas>
