<?xml version="1.0"?>
<schemas><schema name="device-gpu-info" topology="XRT64_CC32_R_TypeID"><column mnemonic="timestamp" engineeringType="event-time" engineeringName="Timestamp" topologyField="XRTraceRelativeTimestampFieldID"/><column mnemonic="accelerator-id" engineeringType="uint64" engineeringName="Accelerator ID"/><column mnemonic="device-name" engineeringType="metal-object-label" engineeringName="Device Name"/><column mnemonic="vendor-name" engineeringType="metal-object-label" engineeringName="Vendor Name"/><column mnemonic="recommended-max-working-set-size" engineeringType="size-in-bytes" engineeringName="Recommended Max Working Set Size"/><column mnemonic="headless" engineeringType="boolean" engineeringName="Headless"/><column mnemonic="removable" engineeringType="boolean" engineeringName="Removable"/><column mnemonic="low-power" engineeringType="boolean" engineeringName="Low Power"/><column mnemonic="mobile" engineeringType="boolean" engineeringName="Mobile"/><column mnemonic="agx-tracecode-version" engineeringType="string" engineeringName="AGX Tracecode Version"/><column mnemonic="perf-map" engineeringType="uint64" engineeringName="Performance State Map"/></schema><schema name="device-display-info" topology="XRT64_CC32_R_TypeID"><column mnemonic="timestamp" engineeringType="event-time" engineeringName="Timestamp" topologyField="XRTraceRelativeTimestampFieldID"/><column mnemonic="accelerator-id" engineeringType="uint64" engineeringName="Accelerator ID"/><column mnemonic="display-id" engineeringType="uint64" engineeringName="Display ID"/><column mnemonic="device-name" engineeringType="metal-object-label" engineeringName="Device Name"/><column mnemonic="framebuffer-index" engineeringType="uint32" engineeringName="Frame Buffer Index"/><column mnemonic="resolution" engineeringType="size-in-pixels" engineeringName="Resolution"/><column mnemonic="built-in" engineeringType="boolean" engineeringName="Built-In"/></schema><schema name="gpu-counter-info" topology="XRT64_CC32_R_TypeID"><column mnemonic="timestamp" engineeringType="event-time" engineeringName="Timestamp" topologyField="XRTraceRelativeTimestampFieldID"/><column mnemonic="counter-id" engineeringType="uint32" engineeringName="Counter ID"/><column mnemonic="name" engineeringType="gpu-counter-name" engineeringName="Name"/><column mnemonic="max-value" engineeringType="uint64" engineeringName="Max Value"/><column mnemonic="accelerator-id" engineeringType="uint64" engineeringName="Accelerator ID"/><column mnemonic="description" engineeringType="string" engineeringName="Description"/><column mnemonic="group-index" engineeringType="uint32" engineeringName="Group Index"/><column mnemonic="type" engineeringType="string" engineeringName="Type"/><column mnemonic="ring-buffer-count" engineeringType="uint32" engineeringName="Ring Buffer Count"/><column mnemonic="require-weighted-accumulation" engineeringType="boolean" engineeringName="Require Weighted Accumulation"/></schema><schema name="gpu-counter-value" topology="XRT64_CC32_R_TypeID"><column mnemonic="timestamp" engineeringType="event-time" engineeringName="Timestamp" topologyField="XRTraceRelativeTimestampFieldID"/><column mnemonic="counter-id" engineeringType="uint32" engineeringName="Counter ID"/><column mnemonic="value" engineeringType="uint64" engineeringName="Value"/><column mnemonic="accelerator-id" engineeringType="uint64" engineeringName="Accelerator ID"/><column mnemonic="sample-index" engineeringType="uint32" engineeringName="Sample ID"/><column mnemonic="ring-buffer-index" engineeringType="uint32" engineeringName="Ring Buffer Index"/></schema><schema name="gpu-shader-profiler-sample" topology="XRT64_CC32_R_TypeID"><column mnemonic="timestamp" engineeringType="event-time" engineeringName="Timestamp" topologyField="XRTraceRelativeTimestampFieldID"/><column mnemonic="pcs" engineeringType="uint64-array" engineeringName="PCs"/><column mnemonic="num-pcs" engineeringType="uint32" engineeringName="Num PCs"/></schema><schema name="gpu-performance-state-info" topology="XRT64_CC32_R_TypeID"><column mnemonic="timestamp" engineeringType="event-time" engineeringName="Timestamp" topologyField="XRTraceRelativeTimestampFieldID"/><column mnemonic="accelerator-id" engineeringType="uint64" engineeringName="Accelerator ID"/><column mnemonic="consistent-state-available" engineeringType="boolean" engineeringName="Consistent State Available"/><column mnemonic="consistent-state-enabled" engineeringType="boolean" engineeringName="Consistent State Enabled"/><column mnemonic="consistent-state-sustained" engineeringType="boolean" engineeringName="Consistent State Sustained"/><column mnemonic="consistent-state-mapping" engineeringType="uint32" engineeringName="Consistent State Mapping"/><column mnemonic="consistent-state" engineeringType="uint32" engineeringName="Consistent State"/></schema></schemas>
