<?xml version="1.0"?>
<schemas><schema name="thread-snapshot" topology="XRT64_CC32_R_TypeID"><column mnemonic="time" engineeringType="event-time" engineeringName="Start Time" topologyField="XRTraceRelativeTimestampFieldID"/><column mnemonic="thread" engineeringType="thread" engineeringName="Thread" topologyField="XRCategory1FieldID"/><column mnemonic="state" engineeringType="thread-state" engineeringName="State"/><column mnemonic="priority" engineeringType="sched-priority" engineeringName="Priority"/></schema><schema name="context-switch" topology="XRT64_CC32_R_TypeID"><column mnemonic="time" engineeringType="event-time" engineeringName="Start Time" topologyField="XRTraceRelativeTimestampFieldID"/><column mnemonic="thread" engineeringType="thread" engineeringName="Thread" topologyField="XRCategory1FieldID"/><column mnemonic="event" engineeringType="sched-event" engineeringName="Event"/><column mnemonic="process" engineeringType="process" engineeringName="Process"/><column mnemonic="cpu" engineeringType="core" engineeringName="Core"/><column mnemonic="priority" engineeringType="sched-priority" engineeringName="Priority"/><column mnemonic="note" engineeringType="narrative" engineeringName="Note"/></schema><schema name="thread-state" topology="XRTD64_CC32_R_TypeID"><column mnemonic="start" engineeringType="start-time" engineeringName="Start Time" topologyField="XRTraceRelativeTimestampFieldID"/><column mnemonic="duration" engineeringType="duration" engineeringName="Duration" topologyField="XRDurationFieldID"/><column mnemonic="thread" engineeringType="thread" engineeringName="Thread" topologyField="XRCategory1FieldID"/><column mnemonic="state" engineeringType="thread-state" engineeringName="State" topologyField="XRCategory2FieldID"/><column mnemonic="process" engineeringType="process" engineeringName="Process"/><column mnemonic="core" engineeringType="core" engineeringName="Core"/><column mnemonic="cputime" engineeringType="duration-on-core" engineeringName="Running Time"/><column mnemonic="waittime" engineeringType="duration-waiting" engineeringName="Wait Time"/><column mnemonic="priority" engineeringType="sched-priority" engineeringName="Priority"/><column mnemonic="note" engineeringType="narrative" engineeringName="Note"/><column mnemonic="summary" engineeringType="narrative" engineeringName="Summary"/></schema><schema name="cpu-state" topology="XRTD64_CC32_R_TypeID"><column mnemonic="start" engineeringType="start-time" engineeringName="Start Time" topologyField="XRTraceRelativeTimestampFieldID"/><column mnemonic="duration" engineeringType="duration" engineeringName="Duration" topologyField="XRDurationFieldID"/><column mnemonic="cpu" engineeringType="core" engineeringName="CPU" topologyField="XRCategory1FieldID"/><column mnemonic="state" engineeringType="core-state" engineeringName="State" topologyField="XRCategory2FieldID"/><column mnemonic="process" engineeringType="process" engineeringName="Process"/><column mnemonic="thread" engineeringType="thread" engineeringName="Thread"/><column mnemonic="priority" engineeringType="sched-priority" engineeringName="Priority"/></schema><schema name="syscall" topology="XRTD64_CC32_R_TypeID"><column mnemonic="start" engineeringType="start-time" engineeringName="Start Time" topologyField="XRTraceRelativeTimestampFieldID"/><column mnemonic="duration" engineeringType="duration" engineeringName="Duration" topologyField="XRDurationFieldID"/><column mnemonic="thread" engineeringType="thread" engineeringName="Thread" topologyField="XRCategory1FieldID"/><column mnemonic="call" engineeringType="syscall" engineeringName="Call" topologyField="XRCategory2FieldID"/><column mnemonic="process" engineeringType="process" engineeringName="Process"/><column mnemonic="cputime" engineeringType="duration-on-core" engineeringName="CPU Time"/><column mnemonic="waittime" engineeringType="duration-waiting" engineeringName="Wait Time"/><column mnemonic="arg1" engineeringType="syscall-arg" engineeringName="Arg1"/><column mnemonic="arg2" engineeringType="syscall-arg" engineeringName="Arg2"/><column mnemonic="arg3" engineeringType="syscall-arg" engineeringName="Arg3"/><column mnemonic="arg4" engineeringType="syscall-arg" engineeringName="Arg4"/><column mnemonic="return" engineeringType="syscall-return" engineeringName="Return"/><column mnemonic="errno" engineeringType="syscall-return" engineeringName="errno"/><column mnemonic="backtrace" engineeringType="backtrace" engineeringName="Stack"/><column mnemonic="note" engineeringType="narrative" engineeringName="Note"/><column mnemonic="signature" engineeringType="formatted-label" engineeringName="Signature"/></schema><schema name="system-load" topology="XRTD64_CC32_R_TypeID"><column mnemonic="start" engineeringType="start-time" engineeringName="Time" topologyField="XRTraceRelativeTimestampFieldID"/><column mnemonic="duration" engineeringType="duration" engineeringName="Duration" topologyField="XRDurationFieldID"/><column mnemonic="load" engineeringType="load" engineeringName="Load"/><column mnemonic="ui-load" engineeringType="load" engineeringName="User Interactive Load"/><column mnemonic="ui-load-commitment" engineeringType="commitment" engineeringName="UI Load Commitment"/></schema><schema name="virtual-memory" topology="XRTD64_CC32_R_TypeID"><column mnemonic="start" engineeringType="start-time" engineeringName="Start Time" topologyField="XRTraceRelativeTimestampFieldID"/><column mnemonic="duration" engineeringType="duration" engineeringName="Duration" topologyField="XRDurationFieldID"/><column mnemonic="thread" engineeringType="thread" engineeringName="Thread" topologyField="XRCategory1FieldID"/><column mnemonic="operation" engineeringType="vm-op" engineeringName="Operation" topologyField="XRCategory2FieldID"/><column mnemonic="process" engineeringType="process" engineeringName="Process"/><column mnemonic="cputime" engineeringType="duration-on-core" engineeringName="CPU Time"/><column mnemonic="waittime" engineeringType="duration-waiting" engineeringName="Wait Time"/><column mnemonic="address" engineeringType="address" engineeringName="Address"/><column mnemonic="size" engineeringType="size-in-bytes" engineeringName="Size"/><column mnemonic="backtrace" engineeringType="backtrace" engineeringName="Stack"/></schema></schemas>
