<?xml version="1.0"?>
<schemas><schema name="cl-trace" topology="XRT64_CC32_R_TypeID"><column mnemonic="timestamp" engineeringType="event-time" engineeringName="Time" topologyField="XRTraceRelativeTimestampFieldID"/><column mnemonic="thread" engineeringType="thread" engineeringName="Thread" topologyField="XRCategory1FieldID"/><column mnemonic="manager" engineeringType="register-content" engineeringName="CLLocationManager"/><column mnemonic="event" engineeringType="narrative" engineeringName="Event"/><column mnemonic="backtrace" engineeringType="backtrace" engineeringName="Backtrace"/></schema><schema name="app-spin" topology="XRT64_CC32_R_TypeID"><column mnemonic="timestamp" engineeringType="event-time" engineeringName="Timestamp" topologyField="XRTraceRelativeTimestampFieldID"/><column mnemonic="process" engineeringType="process" engineeringName="Process" topologyField="XRCategory1FieldID"/><column mnemonic="event" engineeringType="event" engineeringName="Event"/></schema><schema name="cl-energy-level" topology="XRTD64_CC32_R_TypeID"><column mnemonic="start" engineeringType="start-time" engineeringName="Start" topologyField="XRTraceRelativeTimestampFieldID"/><column mnemonic="duration" engineeringType="duration" engineeringName="Duration" topologyField="XRDurationFieldID"/><column mnemonic="impact" engineeringType="energy-impact" engineeringName="Energy Impact" topologyField="XRCategory1FieldID"/><column mnemonic="cause" engineeringType="narrative" engineeringName="Cause"/><column mnemonic="backtrace" engineeringType="backtrace" engineeringName="Backtrace"/></schema><schema name="life-cycle-period" topology="XRTD64_CC32_R_TypeID"><column mnemonic="start" engineeringType="start-time" engineeringName="Start" topologyField="XRTraceRelativeTimestampFieldID"/><column mnemonic="duration" engineeringType="duration" engineeringName="Duration" topologyField="XRDurationFieldID"/><column mnemonic="group" engineeringType="string" engineeringName="Group" topologyField="XRCategory1FieldID"/><column mnemonic="lane" engineeringType="layout-id" engineeringName="Layout ID" topologyField="XRCategory2FieldID"/><column mnemonic="process" engineeringType="process" engineeringName="process"/><column mnemonic="period" engineeringType="app-period" engineeringName="Lifecycle Period"/><column mnemonic="narrative" engineeringType="narrative" engineeringName="Narrative"/></schema><schema name="app-launch-phase-period" topology="XRTD64_CC32_R_TypeID"><column mnemonic="start" engineeringType="start-time" engineeringName="Start" topologyField="XRTraceRelativeTimestampFieldID"/><column mnemonic="duration" engineeringType="duration" engineeringName="Duration" topologyField="XRDurationFieldID"/><column mnemonic="phase" engineeringType="string" engineeringName="App Launch Phase" topologyField="XRCategory1FieldID"/><column mnemonic="lane" engineeringType="layout-id" engineeringName="Layout ID"/><column mnemonic="process" engineeringType="process" engineeringName="Process"/><column mnemonic="color" engineeringType="event-concept" engineeringName="Color"/><column mnemonic="narrative" engineeringType="narrative" engineeringName="Narrative"/></schema></schemas>
