<?xml version="1.0"?>
<schemas><schema name="com-apple-cfnetwork-harlogging-schema" topology="XRT64_CC32_R_TypeID"><column mnemonic="timestamp" engineeringType="event-time" engineeringName="Log Time" topologyField="XRTraceRelativeTimestampFieldID"/><column mnemonic="process" engineeringType="process" engineeringName="Process"/><column mnemonic="har-entry-json" engineeringType="string" engineeringName="HAR Entry JSON"/></schema><schema name="com-apple-cfnetwork-task-starts" topology="XRT64_CC32_R_TypeID"><column mnemonic="timestamp" engineeringType="event-time" engineeringName="Timestamp" topologyField="XRTraceRelativeTimestampFieldID"/><column mnemonic="task-uuid" engineeringType="uuid" engineeringName="Task UUID"/><column mnemonic="process" engineeringType="process" engineeringName="Process"/><column mnemonic="session" engineeringType="urlsession" engineeringName="Session"/><column mnemonic="host-domain" engineeringType="domain-name" engineeringName="Host"/><column mnemonic="public-task-identifier" engineeringType="uint32" engineeringName="Task Identifier"/><column mnemonic="task-description" engineeringType="medium-length-string" engineeringName="Task Description (by Developer)"/><column mnemonic="session-is-ephemeral" engineeringType="boolean" engineeringName="Ephemeral"/><column mnemonic="backtrace" engineeringType="text-backtrace" engineeringName="Backtrace"/><column mnemonic="http-method" engineeringType="word-string" engineeringName="Method"/><column mnemonic="url" engineeringType="string" engineeringName="URL"/><column mnemonic="http-path" engineeringType="medium-length-string" engineeringName="Path"/><column mnemonic="query-string" engineeringType="string" engineeringName="Query String"/><column mnemonic="request-attribution" engineeringType="short-string" engineeringName="Attribution"/></schema><schema name="com-apple-cfnetwork-task-ends" topology="XRT64_CC32_R_TypeID"><column mnemonic="timestamp" engineeringType="event-time" engineeringName="Timestamp" topologyField="XRTraceRelativeTimestampFieldID"/><column mnemonic="task-uuid" engineeringType="uuid" engineeringName="Task UUID"/><column mnemonic="process" engineeringType="process" engineeringName="Process"/><column mnemonic="successful" engineeringType="boolean" engineeringName="Success"/><column mnemonic="error-domain" engineeringType="short-string" engineeringName="Error Domain"/><column mnemonic="error-code" engineeringType="uint64" engineeringName="Error Code"/><column mnemonic="error-localized-description" engineeringType="string" engineeringName="Localized Error Description"/><column mnemonic="error-overall-description" engineeringType="string" engineeringName="Error Description (overall)"/></schema><schema name="com-apple-cfnetwork-transaction-intervals" topology="XRTD64_CC32_R_TypeID"><column mnemonic="start" engineeringType="start-time" engineeringName="Start" topologyField="XRTraceRelativeTimestampFieldID"/><column mnemonic="duration" engineeringType="duration" engineeringName="Duration" topologyField="XRDurationFieldID"/><column mnemonic="layout-qualifier" engineeringType="layout-id" engineeringName="Layout ID"/><column mnemonic="process" engineeringType="process" engineeringName="Process"/><column mnemonic="transaction-id" engineeringType="uuid" engineeringName="Transaction ID"/><column mnemonic="unique-task-id" engineeringType="uuid" engineeringName="Unique Task ID"/><column mnemonic="additional-info-json" engineeringType="data" engineeringName="Additional Info"/><column mnemonic="end-reason" engineeringType="uint32" engineeringName="End Reason"/><column mnemonic="http-status-code" engineeringType="http-status" engineeringName="Status Code"/></schema><schema name="com-apple-cfnetwork-transaction-intervals-full-info" topology="XRTD64_CC32_R_TypeID"><column mnemonic="start" engineeringType="start-time" engineeringName="Start" topologyField="XRTraceRelativeTimestampFieldID"/><column mnemonic="duration" engineeringType="duration" engineeringName="Duration" topologyField="XRDurationFieldID"/><column mnemonic="process" engineeringType="process" engineeringName="Process"/><column mnemonic="session" engineeringType="urlsession" engineeringName="URLSession"/><column mnemonic="host" engineeringType="domain-name" engineeringName="Host"/><column mnemonic="connection" engineeringType="short-string" engineeringName="Connection ID"/><column mnemonic="server-ip" engineeringType="medium-length-string" engineeringName="Server IP"/><column mnemonic="layout-qualifier" engineeringType="layout-id" engineeringName="Layout ID"/><column mnemonic="transaction-id" engineeringType="uuid" engineeringName="Transaction ID"/><column mnemonic="unique-task-id" engineeringType="uuid" engineeringName="Unique Task ID"/><column mnemonic="http-method" engineeringType="word-string" engineeringName="Method"/><column mnemonic="url" engineeringType="string" engineeringName="URL"/><column mnemonic="http-path" engineeringType="medium-length-string" engineeringName="Path"/><column mnemonic="query-string" engineeringType="short-string" engineeringName="Query String"/><column mnemonic="request-attribution" engineeringType="short-string" engineeringName="Attribution"/><column mnemonic="http-version" engineeringType="word-string" engineeringName="HTTP Version"/><column mnemonic="request-headers" engineeringType="key-value-array" engineeringName="Request Headers"/><column mnemonic="request-body" engineeringType="string" engineeringName="Request Body"/><column mnemonic="end-reason" engineeringType="uint32" engineeringName="End Reason (Raw)"/><column mnemonic="end-reason-string" engineeringType="word-string" engineeringName="End Reason"/><column mnemonic="http-status-code" engineeringType="http-status" engineeringName="Status"/><column mnemonic="http-status-text" engineeringType="word-string" engineeringName="Status Text"/><column mnemonic="response-headers" engineeringType="key-value-array" engineeringName="Response Headers"/><column mnemonic="response-body" engineeringType="string" engineeringName="Response Body"/><column mnemonic="response-mime-type" engineeringType="mime-content-type" engineeringName="Response Mime Type"/><column mnemonic="redirect-url" engineeringType="string" engineeringName="Redirect URL"/><column mnemonic="fetch-type" engineeringType="short-string" engineeringName="Fetch Type"/><column mnemonic="blocked" engineeringType="duration" engineeringName="Blocked"/><column mnemonic="cache-lookup" engineeringType="duration" engineeringName="Cache Lookup"/><column mnemonic="dns-lookup" engineeringType="duration" engineeringName="DNS Lookup"/><column mnemonic="tcp-connection" engineeringType="duration" engineeringName="TCP Setup"/><column mnemonic="secure-connection" engineeringType="duration" engineeringName="Secure Connection Setup"/><column mnemonic="request-duration" engineeringType="duration" engineeringName="Sending Request"/><column mnemonic="waiting-for-server" engineeringType="duration" engineeringName="Waiting for Server"/><column mnemonic="response-duration" engineeringType="duration" engineeringName="Receiving Response"/></schema><schema name="com-apple-cfnetwork-transaction-states" topology="XRTD64_CC32_R_TypeID"><column mnemonic="start" engineeringType="start-time" engineeringName="Start" topologyField="XRTraceRelativeTimestampFieldID"/><column mnemonic="duration" engineeringType="duration" engineeringName="Duration" topologyField="XRDurationFieldID"/><column mnemonic="process" engineeringType="process" engineeringName="Process"/><column mnemonic="host" engineeringType="domain-name" engineeringName="Host"/><column mnemonic="connection" engineeringType="short-string" engineeringName="Connection ID"/><column mnemonic="layout-qualifier" engineeringType="layout-id" engineeringName="Layout ID"/><column mnemonic="state" engineeringType="state" engineeringName="State"/><column mnemonic="transaction-id" engineeringType="uuid" engineeringName="Transaction ID"/><column mnemonic="unique-task-id" engineeringType="uuid" engineeringName="Unique Task ID"/></schema><schema name="com-apple-cfnetwork-transaction-drawables" topology="XRTD64_CC32_R_TypeID"><column mnemonic="start" engineeringType="start-time" engineeringName="Start" topologyField="XRTraceRelativeTimestampFieldID"/><column mnemonic="duration" engineeringType="duration" engineeringName="Duration" topologyField="XRDurationFieldID"/><column mnemonic="process" engineeringType="process" engineeringName="Process"/><column mnemonic="session" engineeringType="urlsession" engineeringName="Session"/><column mnemonic="host" engineeringType="domain-name" engineeringName="Host"/><column mnemonic="server-ip" engineeringType="medium-length-string" engineeringName="Server IP"/><column mnemonic="connection" engineeringType="short-string" engineeringName="Connection ID"/><column mnemonic="layout-qualifier-for-connection-grouping" engineeringType="layout-id" engineeringName="Layout ID (Connection)"/><column mnemonic="layout-qualifier-for-domain-grouping" engineeringType="layout-id" engineeringName="Layout ID (Process)"/><column mnemonic="containment-level" engineeringType="containment-level" engineeringName="Containment"/><column mnemonic="label" engineeringType="string" engineeringName="Label"/><column mnemonic="tooltip" engineeringType="string" engineeringName="Tooltip"/><column mnemonic="color" engineeringType="event-concept" engineeringName="Status Color"/><column mnemonic="transaction-id" engineeringType="uuid" engineeringName="Transaction ID"/><column mnemonic="type" engineeringType="word-string" engineeringName="Drawable Type"/></schema><schema name="com-apple-cfnetwork-task-drawables" topology="XRTD64_CC32_R_TypeID"><column mnemonic="start" engineeringType="start-time" engineeringName="Start" topologyField="XRTraceRelativeTimestampFieldID"/><column mnemonic="duration" engineeringType="duration" engineeringName="Duration" topologyField="XRDurationFieldID"/><column mnemonic="process" engineeringType="process" engineeringName="Process"/><column mnemonic="session" engineeringType="urlsession" engineeringName="Session"/><column mnemonic="host" engineeringType="domain-name" engineeringName="Host"/><column mnemonic="server-ip" engineeringType="medium-length-string" engineeringName="Server IP"/><column mnemonic="layout-qualifier" engineeringType="layout-id" engineeringName="Layout ID"/><column mnemonic="containment-level" engineeringType="containment-level" engineeringName="Containment"/><column mnemonic="standalone-label" engineeringType="string" engineeringName="Standalone Label"/><column mnemonic="label-in-containment-hierarchy" engineeringType="string" engineeringName="Label in Containment Hierarchy"/><column mnemonic="tooltip" engineeringType="string" engineeringName="Tooltip"/><column mnemonic="color" engineeringType="event-concept" engineeringName="Status Color"/><column mnemonic="transaction-id" engineeringType="uuid" engineeringName="Transaction ID"/><column mnemonic="task-id" engineeringType="uuid" engineeringName="Task ID"/></schema><schema name="com-apple-cfnetwork-aggregation-drawables" topology="XRTD64_CC32_R_TypeID"><column mnemonic="start" engineeringType="start-time" engineeringName="Start" topologyField="XRTraceRelativeTimestampFieldID"/><column mnemonic="duration" engineeringType="duration" engineeringName="Duration" topologyField="XRDurationFieldID"/><column mnemonic="count" engineeringType="uint64" engineeringName="Task Count"/><column mnemonic="process" engineeringType="process" engineeringName="Process"/><column mnemonic="is-all-processes" engineeringType="boolean" engineeringName="Is All Processes"/><column mnemonic="aggregation-type" engineeringType="word-string" engineeringName="Aggregation Type"/></schema><schema name="com-apple-cfnetwork-task-intervals" topology="XRTD64_CC32_R_TypeID"><column mnemonic="start" engineeringType="start-time" engineeringName="Start" topologyField="XRTraceRelativeTimestampFieldID"/><column mnemonic="duration" engineeringType="duration" engineeringName="Duration" topologyField="XRDurationFieldID"/><column mnemonic="process" engineeringType="process" engineeringName="Process"/><column mnemonic="host" engineeringType="domain-name" engineeringName="Host"/><column mnemonic="server-ip" engineeringType="medium-length-string" engineeringName="Server IP"/><column mnemonic="session" engineeringType="urlsession" engineeringName="Session"/><column mnemonic="session-is-ephemeral" engineeringType="boolean" engineeringName="Ephemeral"/><column mnemonic="layout-qualifier" engineeringType="layout-id" engineeringName="Layout ID"/><column mnemonic="task-uuid" engineeringType="uuid" engineeringName="Task UUID (internal)"/><column mnemonic="public-task-identifier" engineeringType="uint32" engineeringName="Task Identifier"/><column mnemonic="task-description" engineeringType="medium-length-string" engineeringName="Task Description (by Developer)"/><column mnemonic="resume-backtrace" engineeringType="text-backtrace" engineeringName="Backtrace"/><column mnemonic="http-method" engineeringType="word-string" engineeringName="Method"/><column mnemonic="url" engineeringType="string" engineeringName="URL"/><column mnemonic="http-path" engineeringType="medium-length-string" engineeringName="Path"/><column mnemonic="query-string" engineeringType="string" engineeringName="Query String"/><column mnemonic="request-attribution" engineeringType="short-string" engineeringName="Attribution"/><column mnemonic="successful" engineeringType="boolean" engineeringName="Success"/><column mnemonic="error-domain" engineeringType="short-string" engineeringName="Error Domain"/><column mnemonic="error-code" engineeringType="uint64" engineeringName="Error Code"/><column mnemonic="error-localized-description" engineeringType="string" engineeringName="Localized Error Description"/><column mnemonic="error-overall-description" engineeringType="string" engineeringName="Error Description (overall)"/></schema></schemas>
