<?xml version="1.0"?>
<schemas><schema name="metal-gpu-counter-profile" topology="XRT64_CC32_R_TypeID"><column mnemonic="timestamp" engineeringType="start-time" engineeringName="Timestamp" topologyField="XRTraceRelativeTimestampFieldID"/></schema><schema name="metal-gpu-counter-intervals" topology="XRTD64_CC32_R_TypeID"><column mnemonic="start" engineeringType="start-time" engineeringName="Start" topologyField="XRTraceRelativeTimestampFieldID"/><column mnemonic="duration" engineeringType="duration" engineeringName="Duration" topologyField="XRDurationFieldID"/><column mnemonic="counter-id" engineeringType="uint32" engineeringName="Counter ID"/><column mnemonic="name" engineeringType="gpu-counter-name" engineeringName="Counter Name"/><column mnemonic="label" engineeringType="formatted-label" engineeringName="Label"/><column mnemonic="value" engineeringType="uint64" engineeringName="Value"/><column mnemonic="percent-value" engineeringType="percent" engineeringName="Percent Value"/><column mnemonic="color" engineeringType="uint32" engineeringName="Color"/><column mnemonic="gpu" engineeringType="metal-device-name" engineeringName="GPU"/><column mnemonic="group-index" engineeringType="uint32" engineeringName="Group Index"/><column mnemonic="is-percentage" engineeringType="boolean" engineeringName="Is Percentage"/><column mnemonic="ring-buffer-index" engineeringType="uint32" engineeringName="Ring Buffer Index"/></schema></schemas>
