<?xml version="1.0"?>
<schemas><schema name="activity-monitor-process-ledger" topology="XRT64_CC32_R_TypeID"><column mnemonic="start" engineeringType="start-time" engineeringName="First Seen" topologyField="XRTraceRelativeTimestampFieldID"/><column mnemonic="process" engineeringType="process" engineeringName="Process Name" topologyField="XRCategory1FieldID"/><column mnemonic="end" engineeringType="event-time" engineeringName="Last Seen"/><column mnemonic="alive" engineeringType="boolean" engineeringName="Alive"/><column mnemonic="pid" engineeringType="pid" engineeringName="Process ID"/><column mnemonic="responsible-process" engineeringType="process" engineeringName="Responsible Process"/><column mnemonic="uid" engineeringType="process-uid" engineeringName="User Name"/><column mnemonic="cpu-total" engineeringType="duration-on-core" engineeringName="CPU Time"/><column mnemonic="arch-kind" engineeringType="cpu-arch-name" engineeringName="Kind"/><column mnemonic="sandbox" engineeringType="boolean" engineeringName="Sandbox"/><column mnemonic="restricted" engineeringType="boolean" engineeringName="Restricted"/><column mnemonic="idle-wakeups" engineeringType="event-count" engineeringName="Idle Wake Ups"/><column mnemonic="disk-bytes-written" engineeringType="size-in-bytes" engineeringName="Disk Writes (B)"/><column mnemonic="disk-bytes-read" engineeringType="size-in-bytes" engineeringName="Disk Reads (B)"/></schema><schema name="sysmon-process" topology="XRT64_CC32_R_TypeID"><column mnemonic="time" engineeringType="start-time" engineeringName="Timestamp" topologyField="XRTraceRelativeTimestampFieldID"/><column mnemonic="process" engineeringType="process" engineeringName="Process Name" topologyField="XRCategory1FieldID"/><column mnemonic="recently-died" engineeringType="boolean" engineeringName="Process Recently Died"/><column mnemonic="arch-kind" engineeringType="cpu-arch-name" engineeringName="Kind"/><column mnemonic="sudden-termination" engineeringType="boolean" engineeringName="Sudden Termination"/><column mnemonic="sandbox" engineeringType="boolean" engineeringName="Sandbox"/><column mnemonic="restricted" engineeringType="boolean" engineeringName="Restricted"/><column mnemonic="app-nap" engineeringType="boolean" engineeringName="App Nap"/><column mnemonic="context-switch" engineeringType="event-count" engineeringName="Context Switch"/><column mnemonic="cpu-percent" engineeringType="system-cpu-percent" engineeringName="% CPU"/><column mnemonic="cpu-total-system" engineeringType="duration-on-core" engineeringName="System Time"/><column mnemonic="cpu-total-user" engineeringType="duration-on-core" engineeringName="User Time"/><column mnemonic="disk-bytes-read" engineeringType="size-in-bytes" engineeringName="Disk Reads (B)"/><column mnemonic="disk-bytes-written" engineeringType="size-in-bytes" engineeringName="Disk Writes (B)"/><column mnemonic="faults" engineeringType="event-count" engineeringName="Faults"/><column mnemonic="interrupt-wakeups" engineeringType="event-count" engineeringName="Interrupt Wake Ups"/><column mnemonic="mach-port-count" engineeringType="event-count" engineeringName="Mach Ports"/><column mnemonic="memory-physical-footprint" engineeringType="size-in-bytes" engineeringName="Memory"/><column mnemonic="memory-anonymous" engineeringType="size-in-bytes" engineeringName="Anonymous Mem"/><column mnemonic="memory-compressed" engineeringType="size-in-bytes" engineeringName="Compressed Mem"/><column mnemonic="memory-purgeable" engineeringType="size-in-bytes" engineeringName="Purgeable Mem"/><column mnemonic="memory-real-private" engineeringType="size-in-bytes" engineeringName="Real Private Mem"/><column mnemonic="memory-real-shared" engineeringType="size-in-bytes" engineeringName="Real Shared Mem"/><column mnemonic="memory-resident-size" engineeringType="size-in-bytes" engineeringName="Resident Size"/><column mnemonic="memory-virtual-size" engineeringType="size-in-bytes" engineeringName="Virtual Size"/><column mnemonic="msg-received" engineeringType="event-count" engineeringName="Msg Received"/><column mnemonic="msg-sent" engineeringType="event-count" engineeringName="Msg Sent"/><column mnemonic="pgid" engineeringType="process-gid" engineeringName="Group ID"/><column mnemonic="ppid" engineeringType="pid" engineeringName="Parent PID"/><column mnemonic="pid" engineeringType="pid" engineeringName="Process ID"/><column mnemonic="proc-status" engineeringType="process-status-name" engineeringName="Process Status"/><column mnemonic="responsible-pid" engineeringType="pid" engineeringName="Responsible PID"/><column mnemonic="sys-calls-mach" engineeringType="event-count" engineeringName="Sys Calls Mach"/><column mnemonic="sys-calls-unix" engineeringType="event-count" engineeringName="Sys Calls Unix"/><column mnemonic="thread-count" engineeringType="event-count" engineeringName="Threads"/><column mnemonic="uid" engineeringType="process-uid" engineeringName="User Name"/><column mnemonic="vm-page-ins" engineeringType="event-count" engineeringName="Page Ins"/><column mnemonic="parent-process" engineeringType="process" engineeringName="Parent Process"/><column mnemonic="responsible-process" engineeringType="process" engineeringName="Responsible Process"/></schema><schema name="sysmon-system" topology="XRT64_CC32_R_TypeID"><column mnemonic="time" engineeringType="start-time" engineeringName="Timestamp" topologyField="XRTraceRelativeTimestampFieldID"/><column mnemonic="vm-swap-used" engineeringType="size-in-bytes" engineeringName="Swap Used"/><column mnemonic="cpu-system-load" engineeringType="percent" engineeringName="System Load %"/><column mnemonic="cpu-total-load" engineeringType="percent" engineeringName="Total Load %"/><column mnemonic="cpu-user-load" engineeringType="percent" engineeringName="User Load %"/><column mnemonic="disk-bytes-read" engineeringType="size-in-bytes" engineeringName="Data Read"/><column mnemonic="disk-bytes-written" engineeringType="size-in-bytes" engineeringName="Data Written"/><column mnemonic="disk-read-ops" engineeringType="event-count" engineeringName="Reads In"/><column mnemonic="disk-write-ops" engineeringType="event-count" engineeringName="Writes Out"/><column mnemonic="net-bytes-in" engineeringType="network-size-in-bytes" engineeringName="Data Received"/><column mnemonic="net-bytes-out" engineeringType="network-size-in-bytes" engineeringName="Data Sent"/><column mnemonic="net-packets-in" engineeringType="event-count" engineeringName="Packets In"/><column mnemonic="net-packets-out" engineeringType="event-count" engineeringName="Packets Out"/><column mnemonic="total-threads" engineeringType="event-count" engineeringName="Total Threads"/><column mnemonic="vm-compressor-page-count" engineeringType="size-in-pages" engineeringName="VM Compressor Page Count"/><column mnemonic="vm-ext-page-count" engineeringType="size-in-pages" engineeringName="VM Ext Page Count"/><column mnemonic="vm-free-count" engineeringType="size-in-pages" engineeringName="VM Free Count"/><column mnemonic="vm-int-page-count" engineeringType="size-in-pages" engineeringName="VM Int Page Count"/><column mnemonic="vm-purgeable-count" engineeringType="size-in-pages" engineeringName="VM Purgeable Count"/><column mnemonic="vm-used-count" engineeringType="size-in-pages" engineeringName="VM Used Count"/><column mnemonic="vm-wire-count" engineeringType="size-in-pages" engineeringName="VM Wire Count"/></schema><schema name="activity-monitor-process-live" topology="XRTD64_CC32_R_TypeID"><column mnemonic="start" engineeringType="start-time" engineeringName="Start Time" topologyField="XRTraceRelativeTimestampFieldID"/><column mnemonic="duration" engineeringType="duration" engineeringName="Duration" topologyField="XRDurationFieldID"/><column mnemonic="process" engineeringType="process" engineeringName="Process Name" topologyField="XRCategory1FieldID"/><column mnemonic="responsible-process" engineeringType="process" engineeringName="Responsible Process" topologyField="XRCategory2FieldID"/><column mnemonic="pid" engineeringType="pid" engineeringName="Process ID"/><column mnemonic="uid" engineeringType="process-uid" engineeringName="User Name"/><column mnemonic="cpu-percent" engineeringType="system-cpu-percent" engineeringName="% CPU"/><column mnemonic="cpu-total" engineeringType="duration-on-core" engineeringName="CPU Time"/><column mnemonic="thread-count" engineeringType="event-count" engineeringName="# Threads"/><column mnemonic="mach-port-count" engineeringType="event-count" engineeringName="# Ports"/><column mnemonic="memory-physical-footprint" engineeringType="size-in-bytes" engineeringName="Memory"/><column mnemonic="memory-real" engineeringType="size-in-bytes" engineeringName="Real Mem"/><column mnemonic="memory-real-private" engineeringType="size-in-bytes" engineeringName="Real Private Mem"/><column mnemonic="memory-real-shared" engineeringType="size-in-bytes" engineeringName="Real Shared Mem"/><column mnemonic="arch-kind" engineeringType="cpu-arch-name" engineeringName="Kind"/><column mnemonic="sudden-termination" engineeringType="boolean" engineeringName="Sudden Termination"/><column mnemonic="sandbox" engineeringType="boolean" engineeringName="Sandbox"/><column mnemonic="restricted" engineeringType="boolean" engineeringName="Restricted"/><column mnemonic="idle-wakeups" engineeringType="event-count" engineeringName="Idle Wake Ups"/><column mnemonic="app-nap" engineeringType="boolean" engineeringName="App Nap"/><column mnemonic="memory-purgeable" engineeringType="size-in-bytes" engineeringName="Purgeable Mem"/><column mnemonic="memory-compressed" engineeringType="size-in-bytes" engineeringName="Compressed Mem"/><column mnemonic="disk-bytes-written" engineeringType="size-in-bytes" engineeringName="Disk Writes (B)"/><column mnemonic="disk-bytes-read" engineeringType="size-in-bytes" engineeringName="Disk Reads (B)"/><column mnemonic="preventing-sleep" engineeringType="boolean" engineeringName="Preventing Sleep"/></schema><schema name="activity-monitor-system" topology="XRTD64_CC32_R_TypeID"><column mnemonic="start" engineeringType="start-time" engineeringName="Start Time" topologyField="XRTraceRelativeTimestampFieldID"/><column mnemonic="duration" engineeringType="duration" engineeringName="Duration" topologyField="XRDurationFieldID"/><column mnemonic="cpu-system-load" engineeringType="percent" engineeringName="System Load %"/><column mnemonic="cpu-total-load" engineeringType="percent" engineeringName="Total Load %"/><column mnemonic="cpu-user-load" engineeringType="percent" engineeringName="User Load %"/><column mnemonic="disk-bytes-read" engineeringType="size-in-bytes" engineeringName="Data Read"/><column mnemonic="disk-bytes-read-per-second" engineeringType="size-in-bytes-per-second" engineeringName="Data Read/sec"/><column mnemonic="disk-bytes-written" engineeringType="size-in-bytes" engineeringName="Data Written"/><column mnemonic="disk-bytes-written-per-second" engineeringType="size-in-bytes-per-second" engineeringName="Data Written/sec"/><column mnemonic="disk-read-ops" engineeringType="event-count" engineeringName="Reads In"/><column mnemonic="disk-read-ops-per-second" engineeringType="events-per-second" engineeringName="Reads In/sec"/><column mnemonic="disk-write-ops" engineeringType="event-count" engineeringName="Writes Out"/><column mnemonic="disk-write-ops-per-second" engineeringType="events-per-second" engineeringName="Writes Out/sec"/><column mnemonic="memory-app" engineeringType="size-in-bytes" engineeringName="App Memory"/><column mnemonic="memory-cached-files" engineeringType="size-in-bytes" engineeringName="Cached Files"/><column mnemonic="memory-compressed" engineeringType="size-in-bytes" engineeringName="Compressed"/><column mnemonic="memory-physical-used" engineeringType="size-in-bytes" engineeringName="Memory Used"/><column mnemonic="memory-wired" engineeringType="size-in-bytes" engineeringName="Wired Memory"/><column mnemonic="net-bytes-in" engineeringType="network-size-in-bytes" engineeringName="Data Received"/><column mnemonic="net-bytes-in-per-second" engineeringType="network-size-in-bytes-per-second" engineeringName="Data Received/sec"/><column mnemonic="net-bytes-out" engineeringType="network-size-in-bytes" engineeringName="Data Sent"/><column mnemonic="net-bytes-out-per-second" engineeringType="network-size-in-bytes-per-second" engineeringName="Data Sent/sec"/><column mnemonic="net-packets-in" engineeringType="event-count" engineeringName="Packets In"/><column mnemonic="net-packets-in-per-second" engineeringType="events-per-second" engineeringName="Packets In/sec"/><column mnemonic="net-packets-out" engineeringType="event-count" engineeringName="Packets Out"/><column mnemonic="net-packets-out-per-second" engineeringType="events-per-second" engineeringName="Packets Out/sec"/><column mnemonic="total-processes" engineeringType="event-count" engineeringName="Processes"/><column mnemonic="total-threads" engineeringType="event-count" engineeringName="Threads"/><column mnemonic="vm-swap-used" engineeringType="size-in-bytes" engineeringName="Swap Used"/></schema></schemas>
