<?xml version="1.0"?>
<schemas><schema name="display-surface-swap" topology="XRT64_CC32_R_TypeID"><column mnemonic="timestamp" engineeringType="start-time" engineeringName="Timestamp" topologyField="XRTraceRelativeTimestampFieldID"/><column mnemonic="delay" engineeringType="start-time" engineeringName="Delay"/><column mnemonic="display-name" engineeringType="display-name" engineeringName="Display Name"/><column mnemonic="surface-id" engineeringType="displayed-surface-swap" engineeringName="Surface ID"/><column mnemonic="framebuffer-index" engineeringType="uint32" engineeringName="Framebuffer Index"/><column mnemonic="swap-id" engineeringType="displayed-surface-swap" engineeringName="Swap ID"/><column mnemonic="color" engineeringType="render-buffer-depth" engineeringName="Color"/><column mnemonic="pixel-format" engineeringType="string" engineeringName="Pixel Format"/><column mnemonic="hid-time" engineeringType="start-time" engineeringName="HID Time"/><column mnemonic="generation-time" engineeringType="start-time" engineeringName="Generation Time"/><column mnemonic="min-quanta" engineeringType="uint32" engineeringName="Min Quanta"/><column mnemonic="desired-presentation-time" engineeringType="start-time" engineeringName="Desired Presentation Time"/><column mnemonic="layer1-surface-id" engineeringType="displayed-surface-swap" engineeringName="HW Layer1 Surface ID"/><column mnemonic="layer2-surface-id" engineeringType="displayed-surface-swap" engineeringName="HW Layer2 Surface ID"/><column mnemonic="layer1-pixel-format" engineeringType="string" engineeringName="HW Layer1 Pixel Format"/><column mnemonic="layer2-pixel-format" engineeringType="string" engineeringName="HW Layer2 Pixel Format"/></schema><schema name="display-surface-queue" topology="XRT64_CC32_R_TypeID"><column mnemonic="timestamp" engineeringType="start-time" engineeringName="Timestamp" topologyField="XRTraceRelativeTimestampFieldID"/><column mnemonic="swap-id" engineeringType="displayed-surface-swap" engineeringName="Swap ID"/><column mnemonic="framebuffer-index" engineeringType="uint32" engineeringName="Framebuffer Index"/></schema><schema name="metal-command-buffer-frame-assignment" topology="XRT64_CC32_R_TypeID"><column mnemonic="timestamp" engineeringType="start-time" engineeringName="Timestamp" topologyField="XRTraceRelativeTimestampFieldID"/><column mnemonic="cmdbuffer-id" engineeringType="metal-command-buffer-id" engineeringName="Commmand Buffer Id"/><column mnemonic="commit-time" engineeringType="uint64" engineeringName="Commit Time"/><column mnemonic="frame-number" engineeringType="uint32" engineeringName="Frame"/><column mnemonic="frame-color" engineeringType="uint32" engineeringName="Color"/><column mnemonic="cmdbuffer-index" engineeringType="uint32" engineeringName="Index"/><column mnemonic="has-present" engineeringType="uint32" engineeringName="Has Present"/><column mnemonic="is-compositor" engineeringType="uint32" engineeringName="Compositor Type"/><column mnemonic="present-surface-id" engineeringType="gpu-driver-surface" engineeringName="Present Surface ID"/><column mnemonic="compositor-cmdbuffer-id" engineeringType="metal-command-buffer-id" engineeringName="Compositor Commmand Buffer Id"/><column mnemonic="pid" engineeringType="uint64" engineeringName="PID"/><column mnemonic="process" engineeringType="process" engineeringName="Process"/></schema><schema name="metal-object-label" topology="XRT64_CC32_R_TypeID"><column mnemonic="timestamp" engineeringType="start-time" engineeringName="Timestamp" topologyField="XRTraceRelativeTimestampFieldID"/><column mnemonic="object-id" engineeringType="uint64" engineeringName="object Id"/><column mnemonic="frame-number" engineeringType="uint32" engineeringName="frame"/><column mnemonic="label" engineeringType="metal-object-label" engineeringName="Label"/><column mnemonic="object-type" engineeringType="uint32" engineeringName="Type"/><column mnemonic="pid" engineeringType="uint64" engineeringName="PID"/></schema><schema name="metal-known-compositor-process" topology="XRT64_CC32_R_TypeID"><column mnemonic="timestamp" engineeringType="start-time" engineeringName="Timestamp" topologyField="XRTraceRelativeTimestampFieldID"/><column mnemonic="compositor-name" engineeringType="metal-object-label" engineeringName="Compositor Name"/><column mnemonic="pid" engineeringType="uint64" engineeringName="PID"/><column mnemonic="process" engineeringType="process" engineeringName="Process"/></schema><schema name="metal-gpu-info" topology="XRT64_CC32_R_TypeID"><column mnemonic="timestamp" engineeringType="start-time" engineeringName="Timestamp" topologyField="XRTraceRelativeTimestampFieldID"/><column mnemonic="gpu-name" engineeringType="metal-object-label" engineeringName="GPU Name"/><column mnemonic="gpu-index" engineeringType="uint32" engineeringName="GPU Index"/><column mnemonic="accelerator-id" engineeringType="uint64" engineeringName="Accelerator ID"/><column mnemonic="mobile" engineeringType="boolean" engineeringName="Mobile"/></schema><schema name="metal-command-buffer-completed" topology="XRT64_CC32_R_TypeID"><column mnemonic="timestamp" engineeringType="start-time" engineeringName="Timestamp" topologyField="XRTraceRelativeTimestampFieldID"/><column mnemonic="cmdbuffer-id" engineeringType="metal-command-buffer-id" engineeringName="Commmand Buffer Id"/></schema><schema name="metal-command-buffer-error" topology="XRT64_CC32_R_TypeID"><column mnemonic="timestamp" engineeringType="start-time" engineeringName="Timestamp" topologyField="XRTraceRelativeTimestampFieldID"/><column mnemonic="cmdbuffer-id" engineeringType="metal-command-buffer-id" engineeringName="Commmand Buffer Id"/><column mnemonic="error-code" engineeringType="uint32" engineeringName="Error Code"/></schema><schema name="metal-command-buffer-to-accelerator-id" topology="XRT64_CC32_R_TypeID"><column mnemonic="timestamp" engineeringType="start-time" engineeringName="Timestamp" topologyField="XRTraceRelativeTimestampFieldID"/><column mnemonic="cmdbuffer-id" engineeringType="metal-command-buffer-id" engineeringName="Commmand Buffer Id"/><column mnemonic="accelerator-id" engineeringType="uint64" engineeringName="Accelerator ID"/></schema><schema name="metal-gpu-submission-to-command-buffer-id" topology="XRT64_CC32_R_TypeID"><column mnemonic="timestamp" engineeringType="start-time" engineeringName="Timestamp" topologyField="XRTraceRelativeTimestampFieldID"/><column mnemonic="cmdbuffer-id" engineeringType="metal-command-buffer-id" engineeringName="Commmand Buffer Id"/><column mnemonic="gpu-submission-id" engineeringType="metal-command-buffer-id" engineeringName="GPU Submission Id"/><column mnemonic="segment-id" engineeringType="metal-command-buffer-id" engineeringName="Segment Id"/><column mnemonic="segmentlist-id" engineeringType="metal-command-buffer-id" engineeringName="SegmentList Id"/><column mnemonic="encoder-id" engineeringType="metal-command-buffer-id" engineeringName="Encoder Id"/><column mnemonic="accelerator-id" engineeringType="uint64" engineeringName="Accelerator ID"/><column mnemonic="channel-id" engineeringType="metal-command-buffer-id" engineeringName="Channel ID"/><column mnemonic="submission-type" engineeringType="uint32" engineeringName="Type"/><column mnemonic="metadata-1" engineeringType="uint64" engineeringName="Metadata 1"/><column mnemonic="metadata-2" engineeringType="uint64" engineeringName="Metadata 2"/><column mnemonic="pid" engineeringType="uint32" engineeringName="pid"/><column mnemonic="process" engineeringType="process" engineeringName="Process"/><column mnemonic="model" engineeringType="uint32" engineeringName="Model"/><column mnemonic="num-coalasced-encoders" engineeringType="uint32" engineeringName="# Coalasced Encoders"/></schema><schema name="metal-io-surface-access" topology="XRT64_CC32_R_TypeID"><column mnemonic="timestamp" engineeringType="start-time" engineeringName="Timestamp" topologyField="XRTraceRelativeTimestampFieldID"/><column mnemonic="cmdbuffer-id" engineeringType="metal-command-buffer-id" engineeringName="Commmand Buffer Id"/><column mnemonic="encoder-id" engineeringType="uint64" engineeringName="Encoder ID"/><column mnemonic="gpu-submission-id" engineeringType="metal-command-buffer-id" engineeringName="GPU Submission ID"/><column mnemonic="submission-id" engineeringType="metal-command-buffer-id" engineeringName="Submission ID"/><column mnemonic="segment-id" engineeringType="metal-command-buffer-id" engineeringName="Segment ID"/><column mnemonic="channel-id" engineeringType="metal-command-buffer-id" engineeringName="Channel ID"/><column mnemonic="accelerator-id" engineeringType="uint64" engineeringName="Accelerator ID"/><column mnemonic="surface-id" engineeringType="uint64" engineeringName="Surface ID"/><column mnemonic="pixel-format" engineeringType="string" engineeringName="Pixel Format"/><column mnemonic="width" engineeringType="uint32" engineeringName="Width"/><column mnemonic="height" engineeringType="uint32" engineeringName="Height"/><column mnemonic="access-type" engineeringType="uint32" engineeringName="Access Type"/><column mnemonic="pid" engineeringType="uint64" engineeringName="PID"/><column mnemonic="process" engineeringType="process" engineeringName="Process"/></schema><schema name="graphics-compiler-spill-events" topology="XRT64_CC32_R_TypeID"><column mnemonic="timestamp" engineeringType="start-time" engineeringName="Timestamp" topologyField="XRTraceRelativeTimestampFieldID"/><column mnemonic="cmdbuffer-id" engineeringType="metal-command-buffer-id" engineeringName="Commmand Buffer Id"/><column mnemonic="encoder-id" engineeringType="uint64" engineeringName="Encoder Id"/><column mnemonic="spilled-bytes" engineeringType="size-in-bytes" engineeringName="Spilled bytes"/><column mnemonic="process" engineeringType="process" engineeringName="Process"/></schema><schema name="metal-ar-events" topology="XRT64_CC32_R_TypeID"><column mnemonic="timestamp" engineeringType="start-time" engineeringName="Timestamp" topologyField="XRTraceRelativeTimestampFieldID"/><column mnemonic="event-type" engineeringType="ar-event-name" engineeringName="Event Type"/><column mnemonic="event-name" engineeringType="ar-event-name" engineeringName="Event Name"/><column mnemonic="process" engineeringType="process" engineeringName="Process"/><column mnemonic="thread" engineeringType="thread" engineeringName="Thread"/><column mnemonic="event-icon" engineeringType="metal-event" engineeringName="Event Icon"/><column mnemonic="event-label" engineeringType="narrative" engineeringName="Note"/><column mnemonic="frame-number" engineeringType="uint32" engineeringName="Frame #"/></schema><schema name="metal-xr-events" topology="XRT64_CC32_R_TypeID"><column mnemonic="timestamp" engineeringType="start-time" engineeringName="Timestamp" topologyField="XRTraceRelativeTimestampFieldID"/><column mnemonic="event-type" engineeringType="vr-event-name" engineeringName="Event Type"/><column mnemonic="event-source" engineeringType="xr-source-name" engineeringName="Event Source"/><column mnemonic="process" engineeringType="process" engineeringName="Process"/><column mnemonic="thread" engineeringType="thread" engineeringName="Thread"/><column mnemonic="event-value" engineeringType="uint32" engineeringName="Event Value"/><column mnemonic="event-label" engineeringType="narrative" engineeringName="Note"/><column mnemonic="frame-number" engineeringType="uint32" engineeringName="Frame #"/><column mnemonic="color" engineeringType="render-buffer-depth" engineeringName="Color"/></schema><schema name="metal-gpu-execution-points" topology="XRT64_CC32_R_TypeID"><column mnemonic="timestamp" engineeringType="start-time" engineeringName="Timestamp" topologyField="XRTraceRelativeTimestampFieldID"/><column mnemonic="channel-id" engineeringType="metal-command-buffer-id" engineeringName="Channel ID"/><column mnemonic="function" engineeringType="uint32" engineeringName="Function"/><column mnemonic="slot-id" engineeringType="uint32" engineeringName="Slot ID"/><column mnemonic="gpu-submission-id" engineeringType="metal-command-buffer-id" engineeringName="GPU Submission ID"/><column mnemonic="narrative" engineeringType="narrative" engineeringName="Narrative"/></schema><schema name="metal-shader-profiler-shader-list" topology="XRT64_CC32_R_TypeID"><column mnemonic="timestamp" engineeringType="start-time" engineeringName="Timestamp" topologyField="XRTraceRelativeTimestampFieldID"/><column mnemonic="name" engineeringType="metal-object-label" engineeringName="Shader Name"/><column mnemonic="pso-name" engineeringType="metal-object-label" engineeringName="PipelineState Label"/><column mnemonic="id" engineeringType="uint64" engineeringName="ID"/><column mnemonic="pc-start" engineeringType="uint64" engineeringName="PC Start"/><column mnemonic="pc-end" engineeringType="uint64" engineeringName="PC End"/><column mnemonic="shader-type" engineeringType="string" engineeringName="Shader Type"/><column mnemonic="process" engineeringType="process" engineeringName="Process"/><column mnemonic="gpu" engineeringType="metal-device-name" engineeringName="Metal Device"/></schema><schema name="metal-shader-profiler-pso-list" topology="XRT64_CC32_R_TypeID"><column mnemonic="timestamp" engineeringType="start-time" engineeringName="Timestamp" topologyField="XRTraceRelativeTimestampFieldID"/><column mnemonic="name" engineeringType="metal-object-label" engineeringName="Label"/><column mnemonic="vertex-shader-id" engineeringType="uint64" engineeringName="Vertex Shader"/><column mnemonic="fragment-shader-id" engineeringType="uint64" engineeringName="Fragment Shader"/><column mnemonic="tile-shader-id" engineeringType="uint64" engineeringName="Tile Shader"/><column mnemonic="compute-shader-id" engineeringType="uint64" engineeringName="Compute Shader"/><column mnemonic="process" engineeringType="process" engineeringName="Process"/><column mnemonic="gpu" engineeringType="metal-device-name" engineeringName="Metal Device"/><column mnemonic="type" engineeringType="string" engineeringName="Type"/></schema><schema name="metal-visual-highlight-chain-app" topology="XRT64_CC32_R_TypeID"><column mnemonic="timestamp" engineeringType="start-time" engineeringName="Timestamp" topologyField="XRTraceRelativeTimestampFieldID"/><column mnemonic="root-id" engineeringType="uint64" engineeringName="Root ID"/><column mnemonic="block-id" engineeringType="uint64" engineeringName="Block ID"/></schema><schema name="metal-visual-highlight-chain-gpu" topology="XRT64_CC32_R_TypeID"><column mnemonic="timestamp" engineeringType="start-time" engineeringName="Timestamp" topologyField="XRTraceRelativeTimestampFieldID"/><column mnemonic="root-id" engineeringType="uint64" engineeringName="Root ID"/><column mnemonic="block-id" engineeringType="uint64" engineeringName="Block ID"/></schema><schema name="metal-visual-highlight-chain-driver" topology="XRT64_CC32_R_TypeID"><column mnemonic="timestamp" engineeringType="start-time" engineeringName="Timestamp" topologyField="XRTraceRelativeTimestampFieldID"/><column mnemonic="root-id" engineeringType="uint64" engineeringName="Root ID"/><column mnemonic="block-id" engineeringType="uint64" engineeringName="Block ID"/></schema><schema name="metal-visual-highlight-chain-display" topology="XRT64_CC32_R_TypeID"><column mnemonic="timestamp" engineeringType="start-time" engineeringName="Timestamp" topologyField="XRTraceRelativeTimestampFieldID"/><column mnemonic="root-id" engineeringType="uint64" engineeringName="Root ID"/><column mnemonic="block-id" engineeringType="uint64" engineeringName="Block ID"/></schema><schema name="metal-object-dependency-chain-app" topology="XRT64_CC32_R_TypeID"><column mnemonic="in-time" engineeringType="start-time" engineeringName="In Time" topologyField="XRTraceRelativeTimestampFieldID"/><column mnemonic="root-id" engineeringType="uint64" engineeringName="Root ID"/><column mnemonic="out-time" engineeringType="uint64" engineeringName="Out Time"/><column mnemonic="block-id" engineeringType="uint64" engineeringName="Block ID"/><column mnemonic="color" engineeringType="uint32" engineeringName="Color"/><column mnemonic="track-id" engineeringType="uint32" engineeringName="Track"/></schema><schema name="metal-object-dependency-chain-gpu" topology="XRT64_CC32_R_TypeID"><column mnemonic="in-time" engineeringType="start-time" engineeringName="In Time" topologyField="XRTraceRelativeTimestampFieldID"/><column mnemonic="root-id" engineeringType="uint64" engineeringName="Root ID"/><column mnemonic="out-time" engineeringType="uint64" engineeringName="Out Time"/><column mnemonic="block-id" engineeringType="uint64" engineeringName="Block ID"/><column mnemonic="color" engineeringType="uint32" engineeringName="Color"/><column mnemonic="track-id" engineeringType="uint32" engineeringName="Track"/></schema><schema name="metal-object-dependency-chain-driver" topology="XRT64_CC32_R_TypeID"><column mnemonic="in-time" engineeringType="start-time" engineeringName="In Time" topologyField="XRTraceRelativeTimestampFieldID"/><column mnemonic="root-id" engineeringType="uint64" engineeringName="Root ID"/><column mnemonic="out-time" engineeringType="uint64" engineeringName="Out Time"/><column mnemonic="block-id" engineeringType="uint64" engineeringName="Block ID"/><column mnemonic="color" engineeringType="uint32" engineeringName="Color"/><column mnemonic="track-id" engineeringType="uint32" engineeringName="Track"/></schema><schema name="metal-object-dependency-chain-display" topology="XRT64_CC32_R_TypeID"><column mnemonic="in-time" engineeringType="start-time" engineeringName="In Time" topologyField="XRTraceRelativeTimestampFieldID"/><column mnemonic="root-id" engineeringType="uint64" engineeringName="Root ID"/><column mnemonic="out-time" engineeringType="uint64" engineeringName="Out Time"/><column mnemonic="block-id" engineeringType="uint64" engineeringName="Block ID"/><column mnemonic="color" engineeringType="uint32" engineeringName="Color"/><column mnemonic="track-id" engineeringType="uint32" engineeringName="Track"/></schema><schema name="narrative-heuristics" topology="XRT64_CC32_R_TypeID"><column mnemonic="timestamp" engineeringType="event-time" engineeringName="Timestamp" topologyField="XRTraceRelativeTimestampFieldID"/><column mnemonic="narrative" engineeringType="narrative" engineeringName="Narrative"/><column mnemonic="category" engineeringType="metal-object-label" engineeringName="Category"/></schema><schema name="metal-gpu-allocations" topology="XRT64_CC32_R_TypeID"><column mnemonic="timestamp" engineeringType="start-time" engineeringName="Timestamp" topologyField="XRTraceRelativeTimestampFieldID"/><column mnemonic="duration" engineeringType="duration" engineeringName="Lifetime"/><column mnemonic="process" engineeringType="process" engineeringName="Process"/><column mnemonic="thread" engineeringType="thread" engineeringName="Thread"/><column mnemonic="resource-id" engineeringType="gpu-hardware-trace" engineeringName="ID"/><column mnemonic="parent-resource-id" engineeringType="gpu-hardware-trace" engineeringName="Parent ID"/><column mnemonic="label" engineeringType="metal-object-label" engineeringName="Label"/><column mnemonic="vidmem-bytes" engineeringType="size-in-bytes" engineeringName="Video Memory Bytes"/><column mnemonic="sysmem-bytes" engineeringType="size-in-bytes" engineeringName="System Memory Bytes"/><column mnemonic="resource-size" engineeringType="size-in-bytes" engineeringName="Resource Size"/><column mnemonic="event-label" engineeringType="formatted-label" engineeringName="Description"/><column mnemonic="gpu" engineeringType="metal-device-name" engineeringName="Metal Device"/><column mnemonic="resource-type" engineeringType="metal-object-label" engineeringName="Resource Type"/><column mnemonic="event-type" engineeringType="gpu-memory-event-name" engineeringName="Event Type"/><column mnemonic="backtrace" engineeringType="backtrace" engineeringName="Backtrace"/><column mnemonic="color" engineeringType="render-buffer-depth" engineeringName="Color"/><column mnemonic="event-icon" engineeringType="metal-event" engineeringName="Event Icon"/></schema><schema name="metal-gpu-allocations-kernel" topology="XRT64_CC32_R_TypeID"><column mnemonic="timestamp" engineeringType="start-time" engineeringName="Timestamp" topologyField="XRTraceRelativeTimestampFieldID"/><column mnemonic="process" engineeringType="process" engineeringName="Process"/><column mnemonic="resource-id" engineeringType="displayed-surface-io-surface" engineeringName="ID"/><column mnemonic="thread" engineeringType="thread" engineeringName="Thread"/><column mnemonic="vidmem-bytes" engineeringType="size-in-bytes" engineeringName="Video Memory Bytes"/><column mnemonic="sysmem-bytes" engineeringType="size-in-bytes" engineeringName="System Memory Bytes"/><column mnemonic="gpu" engineeringType="metal-device-name" engineeringName="Metal Device"/><column mnemonic="resource-type" engineeringType="metal-object-label" engineeringName="Resource Type"/><column mnemonic="event-type" engineeringType="gpu-memory-event-name" engineeringName="Event Type"/></schema><schema name="ca-client-buffer-wait-interval" topology="XRTD64_CC32_R_TypeID"><column mnemonic="start" engineeringType="start-time" engineeringName="Creation" topologyField="XRTraceRelativeTimestampFieldID"/><column mnemonic="duration" engineeringType="duration" engineeringName="Duration" topologyField="XRDurationFieldID"/><column mnemonic="thread" engineeringType="thread" engineeringName="Thread"/></schema><schema name="graphics-compiler-activity-intervals" topology="XRTD64_CC32_R_TypeID"><column mnemonic="start" engineeringType="start-time" engineeringName="Start Time" topologyField="XRTraceRelativeTimestampFieldID"/><column mnemonic="duration" engineeringType="duration" engineeringName="Duration" topologyField="XRDurationFieldID"/><column mnemonic="event-plane" engineeringType="metal-encoding-para" engineeringName="Plane"/><column mnemonic="compiler" engineeringType="shader-compiler-name" engineeringName="Shader Compiler"/><column mnemonic="program-type" engineeringType="formatted-label" engineeringName="Source"/><column mnemonic="process" engineeringType="process" engineeringName="Process"/><column mnemonic="event-priority" engineeringType="metal-workload-priority" engineeringName="Priority"/><column mnemonic="color" engineeringType="render-buffer-depth" engineeringName="Color"/></schema><schema name="metal-application-intervals" topology="XRTD64_CC32_R_TypeID"><column mnemonic="start" engineeringType="start-time" engineeringName="Creation" topologyField="XRTraceRelativeTimestampFieldID"/><column mnemonic="duration" engineeringType="duration" engineeringName="Duration" topologyField="XRDurationFieldID"/><column mnemonic="process" engineeringType="process" engineeringName="Owner"/><column mnemonic="gpu" engineeringType="metal-device-name" engineeringName="Metal Device"/><column mnemonic="event-depth" engineeringType="metal-nesting-level" engineeringName="Depth"/><column mnemonic="event-label" engineeringType="formatted-label" engineeringName="Event"/><column mnemonic="event-priority" engineeringType="metal-workload-priority" engineeringName="Priority"/><column mnemonic="connection-UUID" engineeringType="connection-uuid64" engineeringName="Connection UUID"/><column mnemonic="color" engineeringType="render-buffer-depth" engineeringName="Color"/><column mnemonic="thread" engineeringType="thread" engineeringName="Thread"/><column mnemonic="event-type" engineeringType="metal-event-name" engineeringName="Event Type"/></schema><schema name="metal-application-encoders-list" topology="XRTD64_CC32_R_TypeID"><column mnemonic="start" engineeringType="start-time" engineeringName="Creation" topologyField="XRTraceRelativeTimestampFieldID"/><column mnemonic="duration" engineeringType="duration" engineeringName="Duration" topologyField="XRDurationFieldID"/><column mnemonic="thread" engineeringType="thread" engineeringName="Thread"/><column mnemonic="process" engineeringType="process" engineeringName="Process"/><column mnemonic="gpu" engineeringType="metal-device-name" engineeringName="Metal Device"/><column mnemonic="frame-number" engineeringType="gpu-frame-number" engineeringName="Frame"/><column mnemonic="cmdbuffer-label" engineeringType="metal-object-label" engineeringName="Command Buffer"/><column mnemonic="cmdbuffer-label-indexed" engineeringType="metal-object-label" engineeringName="Command Buffer (Indexed)"/><column mnemonic="encoder-label" engineeringType="metal-object-label" engineeringName="Encoder"/><column mnemonic="encoder-label-indexed" engineeringType="metal-object-label" engineeringName="Encoder (Indexed)"/><column mnemonic="event-type" engineeringType="metal-event-name" engineeringName="Event Type"/></schema><schema name="metal-application-command-buffer-submissions" topology="XRTD64_CC32_R_TypeID"><column mnemonic="start" engineeringType="start-time" engineeringName="Creation" topologyField="XRTraceRelativeTimestampFieldID"/><column mnemonic="duration" engineeringType="duration" engineeringName="Duration" topologyField="XRDurationFieldID"/><column mnemonic="event-type" engineeringType="metal-event-name" engineeringName="Event Type"/><column mnemonic="gpu" engineeringType="metal-device-name" engineeringName="Metal Device"/><column mnemonic="track-label" engineeringType="metal-object-label" engineeringName="Track Label"/><column mnemonic="num-encoders" engineeringType="uint32" engineeringName="# Encoders"/><column mnemonic="encoder-time" engineeringType="duration" engineeringName="Encoder Time"/><column mnemonic="process" engineeringType="process" engineeringName="Process"/><column mnemonic="thread" engineeringType="thread" engineeringName="Thread"/><column mnemonic="event-icon" engineeringType="metal-event" engineeringName="Event Icon"/><column mnemonic="event-label" engineeringType="narrative" engineeringName="Note"/><column mnemonic="encoder-time-label" engineeringType="narrative" engineeringName="Encoder Time Label"/><column mnemonic="frame-number" engineeringType="uint32" engineeringName="Frame #"/><column mnemonic="color" engineeringType="render-buffer-depth" engineeringName="Color"/></schema><schema name="metal-xr-intervals" topology="XRTD64_CC32_R_TypeID"><column mnemonic="start" engineeringType="start-time" engineeringName="Creation" topologyField="XRTraceRelativeTimestampFieldID"/><column mnemonic="duration" engineeringType="duration" engineeringName="Duration" topologyField="XRDurationFieldID"/><column mnemonic="event-type" engineeringType="vr-event-name" engineeringName="Event Type"/><column mnemonic="event-source" engineeringType="xr-source-name" engineeringName="Event Source"/><column mnemonic="process" engineeringType="process" engineeringName="Owner"/><column mnemonic="event-icon" engineeringType="metal-event" engineeringName="Event Icon"/><column mnemonic="event-depth" engineeringType="metal-nesting-level" engineeringName="Depth"/><column mnemonic="event-priority" engineeringType="metal-workload-priority" engineeringName="Priority"/><column mnemonic="event-label" engineeringType="formatted-label" engineeringName="Event"/><column mnemonic="frame-number" engineeringType="uint32" engineeringName="Frame #"/><column mnemonic="color" engineeringType="render-buffer-depth" engineeringName="Color"/><column mnemonic="is-toplevel" engineeringType="boolean" engineeringName="Toplevel"/></schema><schema name="metal-application-event-interval" topology="XRTD64_CC32_R_TypeID"><column mnemonic="start" engineeringType="start-time" engineeringName="Start Time" topologyField="XRTraceRelativeTimestampFieldID"/><column mnemonic="duration" engineeringType="duration" engineeringName="Duration" topologyField="XRDurationFieldID"/><column mnemonic="event-depth" engineeringType="metal-nesting-level" engineeringName="Depth"/><column mnemonic="gpu" engineeringType="metal-device-name" engineeringName="Metal Device"/><column mnemonic="event-type" engineeringType="metal-event-name" engineeringName="Event Type"/><column mnemonic="process" engineeringType="process" engineeringName="Process"/><column mnemonic="thread" engineeringType="thread" engineeringName="Thread"/><column mnemonic="event-label" engineeringType="formatted-label" engineeringName="Event"/><column mnemonic="event-priority" engineeringType="metal-workload-priority" engineeringName="Priority"/><column mnemonic="color" engineeringType="render-buffer-depth" engineeringName="Color"/><column mnemonic="connection-UUID" engineeringType="connection-uuid64" engineeringName="Connection UUID"/></schema><schema name="metal-driver-intervals" topology="XRTD64_CC32_R_TypeID"><column mnemonic="start" engineeringType="start-time" engineeringName="Creation" topologyField="XRTraceRelativeTimestampFieldID"/><column mnemonic="duration" engineeringType="duration" engineeringName="Duration" topologyField="XRDurationFieldID"/><column mnemonic="gpu-driver-name" engineeringType="gpu-driver-name" engineeringName="GPU Driver Name"/><column mnemonic="event-type" engineeringType="metal-object-label" engineeringName="Event Type"/><column mnemonic="event-depth" engineeringType="metal-nesting-level" engineeringName="Depth"/><column mnemonic="event-label" engineeringType="formatted-label" engineeringName="Event"/><column mnemonic="event-priority" engineeringType="metal-workload-priority" engineeringName="Priority"/><column mnemonic="connection-UUID" engineeringType="connection-uuid64" engineeringName="Connection UUID"/><column mnemonic="color" engineeringType="render-buffer-depth" engineeringName="Color"/><column mnemonic="process" engineeringType="process" engineeringName="Process"/><column mnemonic="thread" engineeringType="thread" engineeringName="Thread"/><column mnemonic="gpu" engineeringType="metal-device-name" engineeringName="Metal Device"/><column mnemonic="object-id" engineeringType="metal-command-buffer-id" engineeringName="Object ID"/></schema><schema name="metal-driver-event-intervals" topology="XRTD64_CC32_R_TypeID"><column mnemonic="start" engineeringType="start-time" engineeringName="Creation" topologyField="XRTraceRelativeTimestampFieldID"/><column mnemonic="duration" engineeringType="duration" engineeringName="Duration" topologyField="XRDurationFieldID"/><column mnemonic="gpu-driver-name" engineeringType="gpu-driver-name" engineeringName="GPU Driver Name"/><column mnemonic="event-type" engineeringType="gpu-driver-name" engineeringName="Event Type"/><column mnemonic="event-depth" engineeringType="metal-nesting-level" engineeringName="Depth"/><column mnemonic="event-label" engineeringType="formatted-label" engineeringName="Event"/><column mnemonic="event-priority" engineeringType="metal-workload-priority" engineeringName="Priority"/><column mnemonic="connection-UUID" engineeringType="connection-uuid64" engineeringName="Connection UUID"/><column mnemonic="color" engineeringType="render-buffer-depth" engineeringName="Color"/><column mnemonic="process" engineeringType="process" engineeringName="Process"/><column mnemonic="thread" engineeringType="thread" engineeringName="Thread"/><column mnemonic="gpu" engineeringType="metal-device-name" engineeringName="Metal Device"/><column mnemonic="resource-id" engineeringType="metal-command-buffer-id" engineeringName="Resource ID"/><column mnemonic="show-per-thread" engineeringType="boolean" engineeringName="Show per Thread"/></schema><schema name="metal-driver-event-per-thread-intervals" topology="XRTD64_CC32_R_TypeID"><column mnemonic="start" engineeringType="start-time" engineeringName="Creation" topologyField="XRTraceRelativeTimestampFieldID"/><column mnemonic="duration" engineeringType="duration" engineeringName="Duration" topologyField="XRDurationFieldID"/><column mnemonic="gpu-driver-name" engineeringType="gpu-driver-name" engineeringName="GPU Driver Name"/><column mnemonic="event-type" engineeringType="gpu-driver-name" engineeringName="Event Type"/><column mnemonic="event-depth" engineeringType="metal-nesting-level" engineeringName="Depth"/><column mnemonic="event-label" engineeringType="formatted-label" engineeringName="Event"/><column mnemonic="event-priority" engineeringType="metal-workload-priority" engineeringName="Priority"/><column mnemonic="connection-UUID" engineeringType="connection-uuid64" engineeringName="Connection UUID"/><column mnemonic="color" engineeringType="render-buffer-depth" engineeringName="Color"/><column mnemonic="process" engineeringType="process" engineeringName="Process"/><column mnemonic="thread" engineeringType="thread" engineeringName="Thread"/><column mnemonic="gpu" engineeringType="metal-device-name" engineeringName="Metal Device"/><column mnemonic="resource-id" engineeringType="metal-command-buffer-id" engineeringName="Resource ID"/><column mnemonic="show-per-thread" engineeringType="boolean" engineeringName="Show per Thread"/></schema><schema name="metal-gpu-intervals" topology="XRTD64_CC32_R_TypeID"><column mnemonic="start" engineeringType="start-time" engineeringName="Creation" topologyField="XRTraceRelativeTimestampFieldID"/><column mnemonic="duration" engineeringType="duration" engineeringName="Duration" topologyField="XRDurationFieldID"/><column mnemonic="channel-name" engineeringType="gpu-channel-name" engineeringName="Channel Name"/><column mnemonic="frame-number" engineeringType="gpu-frame-number" engineeringName="Frame"/><column mnemonic="start-latency" engineeringType="duration" engineeringName="CPU to GPU Latency"/><column mnemonic="event-depth" engineeringType="metal-nesting-level" engineeringName="Depth"/><column mnemonic="event-label" engineeringType="formatted-label" engineeringName="Label"/><column mnemonic="state" engineeringType="gpu-state" engineeringName="State"/><column mnemonic="connection-UUID" engineeringType="connection-uuid64" engineeringName="Connection UUID"/><column mnemonic="color" engineeringType="render-buffer-depth" engineeringName="Color"/><column mnemonic="process" engineeringType="process" engineeringName="Process"/><column mnemonic="gpu" engineeringType="metal-device-name" engineeringName="Metal Device"/><column mnemonic="channel-subtitle" engineeringType="metal-object-label" engineeringName="Channel Subtitle"/><column mnemonic="iosurface-accesses" engineeringType="formatted-label" engineeringName="IOSurface Accesses"/><column mnemonic="bytes" engineeringType="size-in-bytes" engineeringName="Bytes"/></schema><schema name="metal-gpu-state-intervals" topology="XRTD64_CC32_R_TypeID"><column mnemonic="start" engineeringType="start-time" engineeringName="Creation" topologyField="XRTraceRelativeTimestampFieldID"/><column mnemonic="duration" engineeringType="duration" engineeringName="Duration" topologyField="XRDurationFieldID"/><column mnemonic="state" engineeringType="gpu-state" engineeringName="State"/><column mnemonic="label" engineeringType="formatted-label" engineeringName="Label"/><column mnemonic="color" engineeringType="render-buffer-depth" engineeringName="Color"/><column mnemonic="num-events" engineeringType="uint32" engineeringName="# Events"/><column mnemonic="gpu" engineeringType="metal-device-name" engineeringName="Metal Device"/></schema><schema name="metal-gpu-resource-events-intervals" topology="XRTD64_CC32_R_TypeID"><column mnemonic="start" engineeringType="start-time" engineeringName="Creation" topologyField="XRTraceRelativeTimestampFieldID"/><column mnemonic="duration" engineeringType="duration" engineeringName="Duration" topologyField="XRDurationFieldID"/><column mnemonic="state" engineeringType="gpu-state" engineeringName="State"/><column mnemonic="label" engineeringType="formatted-label" engineeringName="Label"/><column mnemonic="color" engineeringType="render-buffer-depth" engineeringName="Color"/><column mnemonic="num-events" engineeringType="uint32" engineeringName="# Events"/><column mnemonic="gpu" engineeringType="metal-device-name" engineeringName="Metal Device"/></schema><schema name="metal-shader-profiler-intervals" topology="XRTD64_CC32_R_TypeID"><column mnemonic="start" engineeringType="start-time" engineeringName="Start" topologyField="XRTraceRelativeTimestampFieldID"/><column mnemonic="duration" engineeringType="duration" engineeringName="Sample Duration" topologyField="XRDurationFieldID"/><column mnemonic="name" engineeringType="metal-object-label" engineeringName="Shader Name"/><column mnemonic="pso-label" engineeringType="metal-object-label" engineeringName="PSO"/><column mnemonic="event-name" engineeringType="gpu-event-name" engineeringName="Event Name"/><column mnemonic="shader-type" engineeringType="metal-object-label" engineeringName="Shader Type"/><column mnemonic="percent-of-kick" engineeringType="percent" engineeringName="% GPU Work"/><column mnemonic="total-kick-percent" engineeringType="percent" engineeringName="% Total GPU Work"/><column mnemonic="color" engineeringType="render-buffer-depth" engineeringName="Color"/><column mnemonic="event-priority" engineeringType="metal-workload-priority" engineeringName="Priority"/><column mnemonic="process" engineeringType="process" engineeringName="Process"/><column mnemonic="gpu" engineeringType="metal-device-name" engineeringName="Metal Device"/><column mnemonic="channel-name" engineeringType="gpu-channel-name" engineeringName="Channel Name"/><column mnemonic="event-depth" engineeringType="metal-nesting-level" engineeringName="Depth"/><column mnemonic="connection-UUID" engineeringType="connection-uuid64" engineeringName="Connection UUID"/></schema><schema name="displayed-surfaces-interval" topology="XRTD64_CC32_R_TypeID"><column mnemonic="start" engineeringType="start-time" engineeringName="Swap Time" topologyField="XRTraceRelativeTimestampFieldID"/><column mnemonic="duration" engineeringType="duration" engineeringName="Duration" topologyField="XRDurationFieldID"/><column mnemonic="cpu-to-display-latency" engineeringType="duration" engineeringName="CPU to Display Latency"/><column mnemonic="display-name" engineeringType="display-name" engineeringName="Display Name"/><column mnemonic="connection-UUID" engineeringType="connection-uuid64" engineeringName="Connection UUID"/><column mnemonic="surface-id" engineeringType="displayed-surface-swap" engineeringName="Surface ID"/><column mnemonic="pixel-format" engineeringType="string" engineeringName="Pixel Format"/><column mnemonic="color" engineeringType="render-buffer-depth" engineeringName="Color"/><column mnemonic="event-priority" engineeringType="metal-workload-priority" engineeringName="Priority"/><column mnemonic="event-label" engineeringType="narrative" engineeringName="Surface"/><column mnemonic="category" engineeringType="display-event-name" engineeringName="Category"/><column mnemonic="event-depth" engineeringType="metal-nesting-level" engineeringName="Depth"/></schema><schema name="display-events-interval" topology="XRTD64_CC32_R_TypeID"><column mnemonic="start" engineeringType="start-time" engineeringName="Start Time" topologyField="XRTraceRelativeTimestampFieldID"/><column mnemonic="duration" engineeringType="duration" engineeringName="Duration" topologyField="XRDurationFieldID"/><column mnemonic="event-name" engineeringType="display-event-name" engineeringName="Event Name"/><column mnemonic="surface-id" engineeringType="displayed-surface-swap" engineeringName="Surface ID"/><column mnemonic="display-name" engineeringType="display-name" engineeringName="Display Name"/><column mnemonic="color" engineeringType="render-buffer-depth" engineeringName="Color"/><column mnemonic="event-priority" engineeringType="metal-workload-priority" engineeringName="Priority"/><column mnemonic="event-label" engineeringType="narrative" engineeringName="Description"/><column mnemonic="event-depth" engineeringType="metal-nesting-level" engineeringName="Depth"/><column mnemonic="connection-UUID" engineeringType="connection-uuid64" engineeringName="Connection UUID"/></schema><schema name="displayed-surfaces-per-second" topology="XRTD64_CC32_R_TypeID"><column mnemonic="start" engineeringType="start-time" engineeringName="Start Time" topologyField="XRTraceRelativeTimestampFieldID"/><column mnemonic="duration" engineeringType="duration" engineeringName="Duration" topologyField="XRDurationFieldID"/><column mnemonic="display-name" engineeringType="display-name" engineeringName="Display Name"/><column mnemonic="count" engineeringType="uint32" engineeringName="Count"/><column mnemonic="event-label" engineeringType="narrative" engineeringName="Label"/></schema><schema name="display-vsyncs-interval" topology="XRTD64_CC32_R_TypeID"><column mnemonic="timestamp" engineeringType="start-time" engineeringName="Timestamp" topologyField="XRTraceRelativeTimestampFieldID"/><column mnemonic="duration" engineeringType="duration" engineeringName="Duration" topologyField="XRDurationFieldID"/><column mnemonic="display-name" engineeringType="display-name" engineeringName="Display Name"/><column mnemonic="color" engineeringType="render-buffer-depth" engineeringName="Color"/><column mnemonic="event-label" engineeringType="narrative" engineeringName="Label"/><column mnemonic="event" engineeringType="vsync-event" engineeringName="Event"/></schema><schema name="metal-gpu-current-allocated-size" topology="XRTD64_CC32_R_TypeID"><column mnemonic="start" engineeringType="start-time" engineeringName="Creation" topologyField="XRTraceRelativeTimestampFieldID"/><column mnemonic="duration" engineeringType="duration" engineeringName="Duration" topologyField="XRDurationFieldID"/><column mnemonic="end" engineeringType="start-time" engineeringName="End"/><column mnemonic="process" engineeringType="process" engineeringName="Process"/><column mnemonic="current-allocated-size" engineeringType="size-in-bytes" engineeringName="Current Allocated Size"/><column mnemonic="label" engineeringType="formatted-label" engineeringName="Label"/><column mnemonic="track-name" engineeringType="formatted-label" engineeringName="Track"/><column mnemonic="color" engineeringType="render-buffer-depth" engineeringName="Color"/></schema><schema name="gpu-performance-device-state-intervals" topology="XRTD64_CC32_R_TypeID"><column mnemonic="start" engineeringType="start-time" engineeringName="Start" topologyField="XRTraceRelativeTimestampFieldID"/><column mnemonic="duration" engineeringType="duration" engineeringName="Duration" topologyField="XRDurationFieldID"/><column mnemonic="accelerator-id" engineeringType="uint64" engineeringName="Accelerator Id"/><column mnemonic="state" engineeringType="uint32" engineeringName="State"/><column mnemonic="desired-state" engineeringType="uint32" engineeringName="Desired State"/></schema><schema name="gpu-performance-state-intervals" topology="XRTD64_CC32_R_TypeID"><column mnemonic="start" engineeringType="start-time" engineeringName="Start" topologyField="XRTraceRelativeTimestampFieldID"/><column mnemonic="duration" engineeringType="duration" engineeringName="Duration" topologyField="XRDurationFieldID"/><column mnemonic="gpu-performance-state" engineeringType="gpu-performance-state" engineeringName="GPU Performance State"/><column mnemonic="track-label" engineeringType="string" engineeringName="Track"/><column mnemonic="is-induced" engineeringType="boolean" engineeringName="Is Induced"/><column mnemonic="narrative" engineeringType="narrative" engineeringName="Narrative"/><column mnemonic="event-type" engineeringType="gpu-event-name" engineeringName="Event Type"/></schema></schemas>
