<?xml version="1.0"?>
<schemas><schema name="global-poi-layout" topology="XRT64_CC32_R_TypeID"><column mnemonic="time" engineeringType="event-time" engineeringName="Time" topologyField="XRTraceRelativeTimestampFieldID"/><column mnemonic="process" engineeringType="process" engineeringName="Process" topologyField="XRCategory1FieldID"/><column mnemonic="kind" engineeringType="roi-kind" engineeringName="Kind"/><column mnemonic="name" engineeringType="signpost-name" engineeringName="Name"/><column mnemonic="concept" engineeringType="event-concept" engineeringName="Concept"/><column mnemonic="detail" engineeringType="narrative" engineeringName="Detail"/></schema><schema name="roi-metadata" topology="XRT64_CC32_R_TypeID"><column mnemonic="time" engineeringType="event-time" engineeringName="Timestamp" topologyField="XRTraceRelativeTimestampFieldID"/><column mnemonic="format-string" engineeringType="format-string" engineeringName="Format String" topologyField="XRCategory1FieldID"/><column mnemonic="name" engineeringType="string" engineeringName="Name"/><column mnemonic="process" engineeringType="process" engineeringName="Process"/><column mnemonic="thread" engineeringType="thread" engineeringName="Thread"/><column mnemonic="subsystem" engineeringType="subsystem" engineeringName="Subsystem"/><column mnemonic="region-name" engineeringType="signpost-name" engineeringName="Region Name"/><column mnemonic="value" engineeringType="any" engineeringName="Value"/></schema><schema name="region-of-interest" topology="XRTD64_CC32_R_TypeID"><column mnemonic="start" engineeringType="start-time" engineeringName="Start" topologyField="XRTraceRelativeTimestampFieldID"/><column mnemonic="duration" engineeringType="duration" engineeringName="Duration" topologyField="XRDurationFieldID"/><column mnemonic="class" engineeringType="roi-class" engineeringName="Class" topologyField="XRCategory1FieldID"/><column mnemonic="name" engineeringType="signpost-name" engineeringName="Name" topologyField="XRCategory2FieldID"/><column mnemonic="kind" engineeringType="roi-kind" engineeringName="Kind"/><column mnemonic="scope" engineeringType="roi-scope" engineeringName="Scope"/><column mnemonic="concept" engineeringType="event-concept" engineeringName="Concept"/><column mnemonic="subsystem" engineeringType="subsystem" engineeringName="Subsystem"/><column mnemonic="start-message" engineeringType="os-log-metadata" engineeringName="Start Message"/><column mnemonic="end-message" engineeringType="os-log-metadata" engineeringName="End Message"/><column mnemonic="process" engineeringType="process" engineeringName="Process"/><column mnemonic="thread" engineeringType="thread" engineeringName="Thread"/><column mnemonic="start-thread" engineeringType="thread" engineeringName="Start Thread"/><column mnemonic="end-thread" engineeringType="thread" engineeringName="End Thread"/><column mnemonic="core" engineeringType="core" engineeringName="Core"/><column mnemonic="start-backtrace" engineeringType="backtrace" engineeringName="Start Stack"/><column mnemonic="end-backtrace" engineeringType="backtrace" engineeringName="End Stack"/></schema><schema name="global-roi-layout" topology="XRTD64_CC32_R_TypeID"><column mnemonic="start" engineeringType="start-time" engineeringName="Start" topologyField="XRTraceRelativeTimestampFieldID"/><column mnemonic="duration" engineeringType="duration" engineeringName="Duration" topologyField="XRDurationFieldID"/><column mnemonic="name" engineeringType="signpost-name" engineeringName="Name" topologyField="XRCategory1FieldID"/><column mnemonic="layout" engineeringType="layout-id" engineeringName="Layout Group" topologyField="XRCategory2FieldID"/><column mnemonic="process" engineeringType="process" engineeringName="Process"/><column mnemonic="kind" engineeringType="roi-kind" engineeringName="Kind"/><column mnemonic="concept" engineeringType="event-concept" engineeringName="Concept"/><column mnemonic="detail" engineeringType="os-log-metadata" engineeringName="Detail"/></schema><schema name="thread-roi-layout" topology="XRTD64_CC32_R_TypeID"><column mnemonic="start" engineeringType="start-time" engineeringName="Start" topologyField="XRTraceRelativeTimestampFieldID"/><column mnemonic="duration" engineeringType="duration" engineeringName="Duration" topologyField="XRDurationFieldID"/><column mnemonic="layout" engineeringType="layout-id" engineeringName="Layout Group" topologyField="XRCategory1FieldID"/><column mnemonic="kind" engineeringType="roi-kind" engineeringName="Kind" topologyField="XRCategory2FieldID"/><column mnemonic="concept" engineeringType="event-concept" engineeringName="Concept"/><column mnemonic="detail" engineeringType="os-log-metadata" engineeringName="Detail"/></schema><schema name="os-signpost-interval" topology="XRTD64_CC32_R_TypeID"><column mnemonic="start" engineeringType="start-time" engineeringName="Start" topologyField="XRTraceRelativeTimestampFieldID"/><column mnemonic="duration" engineeringType="duration" engineeringName="Duration" topologyField="XRDurationFieldID"/><column mnemonic="layout-qualifier" engineeringType="layout-id" engineeringName="Layout ID"/><column mnemonic="name" engineeringType="string" engineeringName="Name" topologyField="XRCategory1FieldID"/><column mnemonic="category" engineeringType="category" engineeringName="Category" topologyField="XRCategory2FieldID"/><column mnemonic="subsystem" engineeringType="subsystem" engineeringName="Subsystem"/><column mnemonic="identifier" engineeringType="os-signpost-identifier" engineeringName="Identifier"/><column mnemonic="process" engineeringType="process" engineeringName="Process"/><column mnemonic="start-thread" engineeringType="thread" engineeringName="Start Thread"/><column mnemonic="end-thread" engineeringType="thread" engineeringName="End Thread"/><column mnemonic="start-message" engineeringType="os-log-metadata" engineeringName="Start Message"/><column mnemonic="end-message" engineeringType="os-log-metadata" engineeringName="End Message"/><column mnemonic="signature" engineeringType="os-log-metadata" engineeringName="Signature"/></schema></schemas>
