<?xml version="1.0"?>
<schemas><schema name="scenekit-event" topology="XRTD64_CC32_R_TypeID"><column mnemonic="start" engineeringType="start-time" engineeringName="Start" topologyField="XRTraceRelativeTimestampFieldID"/><column mnemonic="duration" engineeringType="duration" engineeringName="Duration" topologyField="XRDurationFieldID"/><column mnemonic="layout-qualifier" engineeringType="layout-id" engineeringName="Layout ID"/><column mnemonic="kind" engineeringType="event-concept" engineeringName="Event Kind"/><column mnemonic="frame-id" engineeringType="gpu-frame-number" engineeringName="Frame ID"/><column mnemonic="frame-color" engineeringType="event-concept" engineeringName="Frame color"/><column mnemonic="stage" engineeringType="state" engineeringName="Stage"/></schema><schema name="scenekit-frame" topology="XRTD64_CC32_R_TypeID"><column mnemonic="start" engineeringType="start-time" engineeringName="Start" topologyField="XRTraceRelativeTimestampFieldID"/><column mnemonic="duration" engineeringType="duration" engineeringName="Duration" topologyField="XRDurationFieldID"/><column mnemonic="layout-qualifier" engineeringType="layout-id" engineeringName="Layout ID"/><column mnemonic="frame-id" engineeringType="gpu-frame-number" engineeringName="Frame ID"/><column mnemonic="frame-color" engineeringType="event-concept" engineeringName="Frame color"/></schema></schemas>
