<?xml version="1.0"?>
<schemas><schema name="graphics-statistic" topology="XRT64_CC32_R_TypeID"><column mnemonic="timestamp" engineeringType="sample-time" engineeringName="Timestamp" topologyField="XRTraceRelativeTimestampFieldID"/><column mnemonic="stat" engineeringType="graphics-driver-statistic" engineeringName="Statistic" topologyField="XRCategory1FieldID"/><column mnemonic="value" engineeringType="graphics-driver-counter" engineeringName="Value"/><column mnemonic="driver" engineeringType="graphics-driver-name" engineeringName="Graphics Driver"/></schema><schema name="core-animation-fps-estimate" topology="XRTD64_CC32_R_TypeID"><column mnemonic="interval" engineeringType="start-time" engineeringName="Interval" topologyField="XRTraceRelativeTimestampFieldID"/><column mnemonic="period" engineeringType="duration" engineeringName="Period" topologyField="XRDurationFieldID"/><column mnemonic="fps" engineeringType="fps" engineeringName="Frames Per Second"/><column mnemonic="device-utilization" engineeringType="percent" engineeringName="GPU Hardware Utilization"/></schema></schemas>
