<?xml version="1.0"?>
<schemas><schema name="swiftui-link-event" topology="XRT64_CC32_R_TypeID"><column mnemonic="time" engineeringType="event-time" engineeringName="Time" topologyField="XRTraceRelativeTimestampFieldID"/><column mnemonic="link-type" engineeringType="string" engineeringName="Property Type"/><column mnemonic="view-type" engineeringType="string" engineeringName="View Type"/><column mnemonic="view-module" engineeringType="string" engineeringName="Module"/><column mnemonic="value" engineeringType="string" engineeringName="Value"/><column mnemonic="event" engineeringType="string" engineeringName="Event"/><column mnemonic="narrative" engineeringType="narrative" engineeringName="Transition"/></schema><schema name="swiftui-body-interval" topology="XRTD64_CC32_R_TypeID"><column mnemonic="start" engineeringType="start-time" engineeringName="Start" topologyField="XRTraceRelativeTimestampFieldID"/><column mnemonic="duration" engineeringType="duration" engineeringName="Duration" topologyField="XRDurationFieldID"/><column mnemonic="view-type" engineeringType="string" engineeringName="View Type"/><column mnemonic="view-module" engineeringType="string" engineeringName="Module"/><column mnemonic="severity" engineeringType="event-concept" engineeringName="Classification"/></schema><schema name="swiftui-link-state" topology="XRTD64_CC32_R_TypeID"><column mnemonic="start" engineeringType="start-time" engineeringName="Start" topologyField="XRTraceRelativeTimestampFieldID"/><column mnemonic="duration" engineeringType="duration" engineeringName="Duration" topologyField="XRDurationFieldID"/><column mnemonic="link-type" engineeringType="string" engineeringName="Property Type"/><column mnemonic="view-type" engineeringType="string" engineeringName="View Type"/><column mnemonic="view-module" engineeringType="string" engineeringName="Module"/><column mnemonic="offset" engineeringType="string" engineeringName="Storage Offset"/><column mnemonic="value" engineeringType="string" engineeringName="Value"/></schema><schema name="swiftui-activedisplaylist-interval" topology="XRTD64_CC32_R_TypeID"><column mnemonic="start" engineeringType="start-time" engineeringName="Start" topologyField="XRTraceRelativeTimestampFieldID"/><column mnemonic="duration" engineeringType="duration" engineeringName="Duration" topologyField="XRDurationFieldID"/><column mnemonic="view-type" engineeringType="string" engineeringName="View Type"/><column mnemonic="view-attr" engineeringType="uint32" engineeringName="View Attribute"/><column mnemonic="displaylist-attr" engineeringType="uint32" engineeringName="Display List Attribute"/><column mnemonic="mapping-narrative" engineeringType="formatted-label" engineeringName="Mapping"/><column mnemonic="displaylist-id" engineeringType="uint32" engineeringName="Display List ID"/><column mnemonic="layer-type" engineeringType="string" engineeringName="Layer Type"/><column mnemonic="layer-address" engineeringType="address" engineeringName="Layer Address"/></schema><schema name="swiftui-activedisplaylist-count" topology="XRTD64_CC32_R_TypeID"><column mnemonic="start" engineeringType="start-time" engineeringName="Start" topologyField="XRTraceRelativeTimestampFieldID"/><column mnemonic="duration" engineeringType="duration" engineeringName="Duration" topologyField="XRDurationFieldID"/><column mnemonic="count" engineeringType="event-count" engineeringName="View Type"/></schema><schema name="swiftui-displayedlayer-interval" topology="XRTD64_CC32_R_TypeID"><column mnemonic="start" engineeringType="start-time" engineeringName="Start" topologyField="XRTraceRelativeTimestampFieldID"/><column mnemonic="duration" engineeringType="duration" engineeringName="Duration" topologyField="XRDurationFieldID"/><column mnemonic="view-type" engineeringType="string" engineeringName="View Type"/><column mnemonic="phase" engineeringType="string" engineeringName="Phase"/><column mnemonic="layer-label" engineeringType="formatted-label" engineeringName="Layer"/></schema></schemas>
