{"css":"","framework":"duck-11.6.0","title":"Instruments Help","build_id":"5ca3a370680ce20d12400b0c","quick_links":[],"icon":"..\/GlobalArt\/AppIconDefault.png","sections":{"deva0c93a175":{"name":"About Instruments","children":["dev7b09c84f5","dev2843b037","dev546b5b54","devc12c5417","devc3b17dab4","dev9b08bd72","devd72c957d","devd6f23cf5","dev0d183fcf","dev09a5e7c7","devf3894c97","devbf2b56b4"]},"devd67d54657":{"name":"Navigate collected data","children":["dev8f529ecc","dev3c3a38ed","dev1fc72396","devd7a561d88","dev9e356864","devd53abb62","dev9e03c608","dev34c7982f"]},"dev39bd11746":{"name":"Profile your app’s energy","children":["deva0db8947","dev03a7149d"]},"dev98de175e5":{"name":"Add logging messages to traces","children":["devef86588a8","dev30be6fdf6","dev13d7797df"]},"dev911634670":{"name":"Launch Instruments","children":["devc1724975","dev147557f7","dev7d822703","devbff9215f","devba105ecc"]},"devea7047da1":{"name":"Profile your app’s memory usage","children":["dev7b8f6eb6","dev022f987b","dev612e6956"]},"dev302f9e0f1":{"name":"Create, save, and open trace documents","children":["devf0fac9a3","dev876f2d71","devd7c128ab","deva0c4defa","devd2500f1e"]},"dev292d560e7":{"name":"Record, pause, and stop traces","children":["dev1da7172a","dev191fbf48","dev4e48103c","dev191cfc4f","dev54a36a4b","devbe151eb0","devb14123d4","dev04e146bd","devb14ffaa5","dev37009f28","devcfc87290"]},"dev27c3dab18":{"name":"Target devices and processes","children":["dev34e9f16b","dev3b20135c","dev5c330172","dev9f7cd16f"]},"deveaa0af7cc":{"name":"Access and use Instruments","children":["devc2fd51cc","dev0c99e1d0","dev2b9e575d","dev63e6b5c9","dev1dca8d11"]},"devcfd2c5727":{"name":"Configure Instruments","children":["dev9a85cb73","dev49bdb05d","devea56d976","devd6c6ac2f","dev391ff0e7"]},"dev7b847cab8":{"name":"Profile your app’s performance","children":["dev44b2b437","devc75b9dd9","devc63117d3","dev209edacf","dev6983c7c4"]}},"birdseed_version":5,"toc":["deva0c93a175","dev911634670","dev302f9e0f1","dev27c3dab18","deveaa0af7cc","dev292d560e7","devd67d54657","devcfd2c5727","dev7b847cab8","devea7047da1","dev39bd11746","dev98de175e5"],"locale":"en","version":"11.0","source_schema":"apd-schema","enable_tracking":false,"collect_feedback":true,"platform":"mac","build_date":"2019.04.02-11:03:28","landing":"dev8ad9733d","product":"dt-instruments","urls":{},"copyright":"","show_previous_next":false,"topics":{"dev37009f28":{"searchName":"Run a trace in deferred mode with Instruments","name":"Run a trace in deferred mode","href":"dev37009f28.html","summary":"Choose File &gt; Recording options and enable deferred mode to perform extremely precise data collection with Instruments."},"dev9e03c608":{"searchName":"Access trace data for multiple runs in Instruments","name":"Access trace data for multiple runs","href":"dev9e03c608.html","summary":"Choose Instrument &gt; Previous Run or Instrument &gt; Next Run to show the data for different runs."},"dev6983c7c4":{"searchName":"Monitor disk use in macOS with Instruments","name":"Monitor disk use in macOS","href":"dev6983c7c4.html","summary":"The File Activity profiling template monitors and reports your OS X app’s disk use."},"dev54a36a4b":{"searchName":"Profile your app with Instruments from the Xcode Build and Product menus","name":"Profile your app from the Xcode Build and Product menus","href":"dev54a36a4b.html","summary":"Choose Profile from the build menu in the Xcode main window or from the Product menu in the menu bar to begin profiling your app with Instruments."},"devea56d976":{"searchName":"Set Recording preferences in Instruments","name":"Set Recording preferences","href":"devea56d976.html","summary":"Choose Instruments &gt; Preferences and click Recording to configure how tracks are displayed in your trace documents."},"deva0c4defa":{"searchName":"Open a trace document in Instruments","name":"Open a trace document","href":"deva0c4defa.html","summary":"Double-click a saved trace document file or drag it onto Instruments to open it, or choose File &gt; Open and select a saved trace document file."},"dev1da7172a":{"searchName":"Record a trace in Instruments","name":"Record a trace","href":"dev1da7172a.html","summary":"Click the Record button in the trace document toolbar to begin profiling your app."},"dev022f987b":{"searchName":"Find memory leaks in your app with Instruments","name":"Find memory leaks","href":"dev022f987b.html","summary":"The Leaks profiling template measures memory usage in your app and identifies memory that has been allocated to objects that are no longer referenced and reachable."},"dev391ff0e7":{"searchName":"Set Symbols preferences in Instruments","name":"Set Symbols preferences","href":"dev391ff0e7.html","summary":"Choose Instruments &gt; Preferences and click Symbols to configure global search paths for symbols in Instruments."},"dev1fc72396":{"searchName":"Set flags in the timeline pane of Instruments","name":"Set flags in the timeline pane","href":"dev1fc72396.html","summary":"Place flags in the timeline pane to mark areas of interest for analysis."},"dev13d7797df":{"name":"Show points of interest","href":"dev13d7797df.html","summary":"You can show the points of interest logs in a trace."},"dev1dca8d11":{"searchName":"Configure an instrument’s display settings in Instruments","name":"Configure an instrument’s display settings","href":"dev1dca8d11.html","summary":"Configure the timeline display settings for an instrument using the display configuration popover. Configure the detail pain settings for an instrument using display configuration controls in the filter and configuration bar."},"devbf2b56b4":{"searchName":"About the Preferences window in Instruments","name":"About the Preferences window","href":"devbf2b56b4.html","summary":"The preferences window is used to control various settings related to the behavior of Instruments."},"dev03a7149d":{"searchName":"Log energy usage directly on an iOS device with Instruments","name":"Log energy usage directly on an iOS device","href":"dev03a7149d.html","summary":"Enable energy logging on your iOS device to record energy-related data unobtrusively while the device is used, without tethering it to Instruments."},"dev9b08bd72":{"searchName":"About the trace document detail pane in Instruments","name":"About the trace document detail pane","href":"dev9b08bd72.html","summary":"The detail pane shows detailed information about the data collected by the instruments in your trace document."},"devc1724975":{"name":"Launch Instruments from Xcode","href":"devc1724975.html","summary":"The most direct way to launch Instruments is by choosing Xcode &gt; Open Developer Tool &gt; Instruments in Xcode."},"dev191fbf48":{"searchName":"Configure recording options in Instruments","name":"Configure recording options","href":"dev191fbf48.html","summary":"Choose File &gt; Record Options to configure the global data collection behavior of a trace document, and to configure the profiling behavior of an instrument and adjust the data it collects."},"devf3894c97":{"searchName":"About the profiling template selection dialog in Instruments","name":"About the profiling template selection dialog","href":"devf3894c97.html","summary":"The profiling template selection dialog lets you choose a profiling template, a file containing a set of preconfigured instruments."},"devf0fac9a3":{"searchName":"Create a trace document in Instruments","name":"Create a trace document","href":"devf0fac9a3.html","summary":"Launch Instruments and choose a template in the profiling template selection dialog to create a new trace document."},"dev0c99e1d0":{"searchName":"Filter for a specific instrument in the Library palette of Instruments","name":"Filter for a specific instrument in the Library palette","href":"dev0c99e1d0.html","summary":"Type into the filter field at the bottom of the Library palette to look for a specific instrument."},"dev7d822703":{"name":"Add Instruments to your Dock","href":"dev7d822703.html","summary":"Launch Instruments, Control-click its icon in the Dock, and choose Options &gt; Keep in Dock from the shortcut menu"},"devc3b17dab4":{"searchName":"About the display settings popover in Instruments","name":"About the display configuration popover","href":"devc3b17dab4.html","summary":"Use the display configuration popover to configure the format of the data and to configure the information displayed in the timeline."},"dev5c330172":{"searchName":"Enable an iOS device for wireless profiling in Instruments","name":"Enable an iOS device for wireless profiling","href":"dev5c330172.html","summary":"Connect an iOS device to your development Mac with a cable, press the Option key, and select the device in the target device list to enable wireless profiling."},"dev09a5e7c7":{"searchName":"About trace templates in Instruments","name":"About profiling templates","href":"dev09a5e7c7.html","summary":"A profiling template is a trace document that’s preconfigured with instruments and settings for performing a common type of trace."},"dev63e6b5c9":{"searchName":"Remove an instrument from a trace document in Instruments","name":"Remove an instrument from a trace document","href":"dev63e6b5c9.html","summary":"Remove an instrument from a trace document by selecting it in the instrument list and pressing the delete key."},"devc12c5417":{"searchName":"About the trace document timeline pane in Instruments","name":"About the trace document timeline pane","href":"devc12c5417.html","summary":"The timeline pane displays a graphical summary of the instrument, CPU, and thread data recorded for a given trace."},"devb14ffaa5":{"name":"Profile with the instruments command-line tool","href":"devb14ffaa5.html","summary":"Use the ‘instruments’ command-line tool in Terminal to profile an app and save the collected data in a trace file, which can be opened in Instruments for evaluation."},"dev7b8f6eb6":{"searchName":"Find abandoned memory in your app with Instruments","name":"Find abandoned memory","href":"dev7b8f6eb6.html","summary":"The Allocations profiling template measures heap memory usage and tracks allocations, including specific object allocations by class."},"dev44b2b437":{"searchName":"Track CPU core and thread use in your app with Instruments","name":"Track CPU core and thread use","href":"dev44b2b437.html","summary":"The Time Profiler profiling template performs low-overhead, time-based sampling of processes running on the system’s CPUs."},"deva13e2923b":{"name":"display configuration popover","href":"deva13e2923b.html","categories":["aside"]},"devb14123d4":{"searchName":"Profile in Instruments from the Xcode gauges while debugging","name":"Profile from the Xcode gauges while debugging","href":"devb14123d4.html","summary":"Click a profiling button in an Xcode debug navigator gauge to transition monitoring of your app over to Instruments."},"dev5c19e8179":{"name":"recording options dialog","href":"dev5c19e8179.html","categories":["aside"]},"dev49bdb05d":{"searchName":"Set General preferences in Instruments","name":"Set General preferences","href":"dev49bdb05d.html","summary":"Choose Instruments &gt; Preferences and click General to configure basic Instruments behavior such as startup options, keyboard shortcuts, and warning options."},"dev8f529ecc":{"searchName":"Zoom in and out in the timeline pane in Instruments","name":"Zoom in and out in the timeline pane","href":"dev8f529ecc.html","summary":"Pinch the trackpad, use the scroll wheel while pressing the Option key, or press Option or Control and drag across a section of data in the timeline pane to zoom in and out."},"dev2b9e575d":{"searchName":"Add an instrument to a trace document in Instruments","name":"Add an instrument to a trace document","href":"dev2b9e575d.html","summary":"Drag instruments from the Library palette to a trace document."},"devd6c6ac2f":{"searchName":"Set CPUs preferences in Instruments","name":"Set CPUs preferences","href":"devd6c6ac2f.html","summary":"Choose Instruments &gt; Preferences and click CPUs to specify the CPU configuration of your device."},"devd7a561d88":{"name":"Pin and unpin a timeline"},"devd7c128ab":{"searchName":"Save a trace document as a profiling template in Instruments","name":"Save a trace document as a profiling template","href":"devd7c128ab.html","summary":"Choose File &gt; Save As Template to save an open trace document as a custom template you can reuse."},"dev04e146bd":{"searchName":"Profile with Instruments from the Dock","name":"Profile from the Dock","href":"dev04e146bd.html","summary":"Control-click the Instruments icon in the Dock and choose an option from the shortcut menu to initiate profiling."},"deva0db8947":{"searchName":"Measure the energy impact of an iOS device with Instruments","name":"Measure the energy impact of an iOS device","href":"deva0db8947.html","summary":"The Energy Log profiling template monitors a variety of factors that affect energy usage on an iOS device, including CPU activity, network activity, screen brightness, and more."},"dev876f2d71":{"searchName":"Save a trace document in Instruments","name":"Save a trace document","href":"dev876f2d71.html","summary":"Choose File &gt; Save or File &gt; Save As to save a trace document to the desired destination for later reference."},"dev209edacf":{"searchName":"Monitor network connections of an iOS app with Instruments","name":"Monitor network connections of an iOS app","href":"dev209edacf.html","summary":"The Network profiling template analyzes your iOS app’s TCP\/IP and UDP\/IP connections."},"dev30be6fdf6":{"name":"Show sign post intervals","href":"dev30be6fdf6.html","summary":"You can show the os_signpost intervals that have accumulated during a trace."},"devc2fd51cc":{"searchName":"Display the Library palette in Instruments","name":"Display the Library palette","href":"devc2fd51cc.html","summary":"Use the Library palette to browse available instruments and drag them to a trace document."},"dev8ad9733d":{"name":"Instruments Help","href":"dev8ad9733d.html","categories":["landing"]},"dev2843b037":{"searchName":"About the trace document in Instruments","name":"About the trace document","href":"dev2843b037.html","summary":"A trace document is used to organize and configure instruments for profiling, initiate data collection, and view and analyze the results."},"dev3b20135c":{"searchName":"Target an iOS device in Instruments","name":"Target an iOS device","href":"dev3b20135c.html","summary":"Connect an iOS device to your development Mac and select it from the target device list to begin profiling it."},"devc75b9dd9":{"searchName":"Look for performance bottlenecks in your app with Instruments","name":"Look for performance bottlenecks","href":"devc75b9dd9.html","summary":"The Counters profiling template finds bottlenecks in your app by identifying an excessive number of events of particular types."},"dev9a85cb73":{"searchName":"Map data to source code in Instruments","name":"Map data to source code","href":"dev9a85cb73.html","summary":"Choose File &gt; Symbols and locate a dSYM file to provide Instruments with a list of symbols associated with your app."},"dev4e48103c":{"searchName":"Pause a trace in Instruments","name":"Pause a trace","href":"dev4e48103c.html","summary":"Click the Pause button in the trace document toolbar to pause an active recording."},"dev3c3a38ed":{"searchName":"Filter a range of data in the timeline pane of Instruments","name":"Filter a range of data in the timeline pane","href":"dev3c3a38ed.html","summary":"Drag across a portion of the timeline pane to isolate the events that occurred at that time and display them in the detail pane."},"dev546b5b54":{"searchName":"About the trace document toolbar in Instruments","name":"About the trace document toolbar","href":"dev546b5b54.html","summary":"The toolbar of the trace document lets you start, pause, and stop data profiling, add instruments, hide and show panes, and more."},"dev34c7982f":{"name":"Access source code from Instruments","href":"dev34c7982f.html","summary":"Show your symbols in Xcode by Control-clicking on a user symbol in the detail pane, and choosing Reveal in Xcode from the popover."},"dev191cfc4f":{"searchName":"Stop a trace in Instruments","name":"Stop a trace","href":"dev191cfc4f.html","summary":"Click the Stop button in the trace document toolbar to stop an active recording."},"dev34e9f16b":{"searchName":"Target a device and process in Instruments","name":"Target a device and process","href":"dev34e9f16b.html","summary":"Target a specific device and process for profiling by choosing from the target lists in the toolbar of a trace document."},"devd6f23cf5":{"searchName":"About the Library palette in Instruments","name":"About the Library palette","href":"devd6f23cf5.html","summary":"The Library palette provides a complete list of available instruments and lets you add them to your trace documents."},"devbe151eb0":{"searchName":"Use a default template to profile in Instruments from the Xcode build and product menus","name":"Use a default template to profile from the Xcode build and product menus","href":"devbe151eb0.html","summary":"Choose a default profiling template for your app from the Xcode scheme editor dialog."},"dev7b09c84f5":{"name":"Instruments Overview","href":"dev7b09c84f5.html","summary":"Instruments is a powerful and flexible performance-analysis and testing tool that’s part of the Xcode tool set."},"devc63117d3":{"searchName":"Use Activity Monitor to track overall network and disk use in your app with Instruments","name":"Use Activity Monitor to track overall network and disk use","href":"devc63117d3.html","summary":"The Activity Monitor profiling template tracks overall system activity over time, including CPU, memory, network, and disk."},"dev0d183fcf":{"searchName":"About the Flags palette in Instruments","name":"About the Flags palette","href":"dev0d183fcf.html","summary":"The Flags palette lets you see, enable, and disable any flags you may have applied in the timeline pane of the active trace document."},"devbff9215f":{"name":"Add Instruments to Launchpad","href":"devbff9215f.html","summary":"Place an alias to the Instruments app in your \/Applications folder to make it appear in Launchpad."},"devd2500f1e":{"searchName":"Close a trace document in Instruments","name":"Close a trace document","href":"devd2500f1e.html","summary":"Choose File &gt; Close to close a trace document when you’re done working with it."},"dev9f7cd16f":{"searchName":"Prepare an Apple Watch for profiling in Instruments","name":"Prepare an Apple Watch for profiling","href":"dev9f7cd16f.html","summary":"Use Xcode and an iPhone to prepare a paired Apple Watch for profiling with Instruments."},"dev612e6956":{"searchName":"Finding zombies in your app with Instruments","name":"Finding zombies","href":"dev612e6956.html","summary":"The Zombies profiling template measures memory usage in your app and identifies objects that are called after they’ve been released and no longer exist."},"dev9e356864":{"searchName":"View different types of data in the detail pane of Instruments","name":"View different types of data in the detail pane","href":"dev9e356864.html","summary":"Use the navigation bar of the detail pane to switch between different types of collected data."},"devd53abb62":{"searchName":"Use the extended detail pane in Instruments","name":"Use the extended detail pane","href":"devd53abb62.html","summary":"Use the extended detail area in the inspector pane to see a stack trace or other information for some recorded events."},"devd72c957d":{"searchName":"About the trace document inspector pane in Instruments","name":"About the trace document inspector pane","href":"devd72c957d.html","summary":"The inspector pane contains information about the selected recording and extended detail for some instruments."},"devef86588a8":{"name":"Show log messages","href":"devef86588a8.html","summary":"You can show os_log messages in a trace."},"devba105ecc":{"name":"Launch Instruments from the command line","href":"devba105ecc.html","summary":"You can use the ‘open’ command, followed by the path to the Instruments app, to launch Instruments from the command line."},"devadf729aef":{"name":"filter and configuration bar","href":"devadf729aef.html","categories":["aside"]},"dev147557f7":{"name":"Launch Instruments from the Dock","href":"dev147557f7.html","summary":"Control-click the Xcode icon in the Dock, and then choose choose Xcode &gt; Open Developer Tool &gt; Instruments to launch Instruments."},"devcfc87290":{"name":"Run Instruments in deferred mode","href":"devcfc87290.html","summary":"Permanently enable deferred mode, which increases accuracy when doing performance profiling, in the Recording pane of Instruments preferences."}},"copyright_text":"Copyright © 2019 Apple Inc. All rights reserved."}