<?xml version="1.0"?>
<schemas><schema name="network-connection-detected" topology="XRT64_CC32_R_TypeID"><column mnemonic="time" engineeringType="event-time" engineeringName="Detection Time" topologyField="XRTraceRelativeTimestampFieldID"/><column mnemonic="pid" engineeringType="pid" engineeringName="Process ID" topologyField="XRCategory1FieldID"/><column mnemonic="local-address" engineeringType="sockaddr" engineeringName="Local Address"/><column mnemonic="remote-address" engineeringType="sockaddr" engineeringName="Remote Address"/><column mnemonic="interface-index" engineeringType="uint32" engineeringName="Interface Index"/><column mnemonic="recv-buffer-size" engineeringType="size-in-bytes" engineeringName="Receive Buffer"/><column mnemonic="recv-buffer-used" engineeringType="size-in-bytes" engineeringName="Receive Used"/><column mnemonic="serial-number" engineeringType="uint32" engineeringName="Serial Number"/><column mnemonic="kind" engineeringType="network-protocol" engineeringName="Kind"/></schema><schema name="network-connection-update" topology="XRT64_CC32_R_TypeID"><column mnemonic="time" engineeringType="event-time" engineeringName="Detection Time" topologyField="XRTraceRelativeTimestampFieldID"/><column mnemonic="connection-serial" engineeringType="packed-identifier" engineeringName="Connection Serial Number" topologyField="XRCategory1FieldID"/><column mnemonic="rx-packets" engineeringType="event-count" engineeringName="Received Packets"/><column mnemonic="rx-bytes" engineeringType="network-size-in-bytes" engineeringName="Received Bytes"/><column mnemonic="tx-packets" engineeringType="event-count" engineeringName="Transmitted Packets"/><column mnemonic="tx-bytes" engineeringType="network-size-in-bytes" engineeringName="Transmitted Bytes"/><column mnemonic="rx-dups" engineeringType="network-size-in-bytes" engineeringName="Duplicate Data Received"/><column mnemonic="rx-ooo" engineeringType="network-size-in-bytes" engineeringName="Out-of-order Bytes Received"/><column mnemonic="tx-retx" engineeringType="network-size-in-bytes" engineeringName="Retransmitted Bytes"/><column mnemonic="min-rtt" engineeringType="duration" engineeringName="Min Round Trip"/><column mnemonic="average-rtt" engineeringType="duration" engineeringName="Avg Round Trip"/></schema><schema name="network-interface-detection" topology="XRT64_CC32_R_TypeID"><column mnemonic="time" engineeringType="event-time" engineeringName="Detection Time" topologyField="XRTraceRelativeTimestampFieldID"/><column mnemonic="interface-idx" engineeringType="packed-identifier" engineeringName="Interface Index" topologyField="XRCategory1FieldID"/><column mnemonic="name" engineeringType="network-interface" engineeringName="Network Interface Name"/></schema><schema name="network-connection-stat" topology="XRTD64_CC32_R_TypeID"><column mnemonic="start-time" engineeringType="start-time" engineeringName="Sample Time" topologyField="XRTraceRelativeTimestampFieldID"/><column mnemonic="duration" engineeringType="duration" engineeringName="Interval" topologyField="XRDurationFieldID"/><column mnemonic="connection-serial" engineeringType="packed-identifier" engineeringName="Connection Serial Number" topologyField="XRCategory1FieldID"/><column mnemonic="process" engineeringType="process" engineeringName="Owner" topologyField="XRCategory2FieldID"/><column mnemonic="interface" engineeringType="network-interface" engineeringName="Network Interface"/><column mnemonic="protocol" engineeringType="network-protocol" engineeringName="Protocol"/><column mnemonic="local-address" engineeringType="sockaddr" engineeringName="Local"/><column mnemonic="remote-address" engineeringType="sockaddr" engineeringName="Remote"/><column mnemonic="description" engineeringType="formatted-label" engineeringName="Connection"/><column mnemonic="rx-packets" engineeringType="event-count" engineeringName="Packets In"/><column mnemonic="rx-bytes" engineeringType="network-size-in-bytes" engineeringName="Bytes In"/><column mnemonic="tx-packets" engineeringType="event-count" engineeringName="Packets Out"/><column mnemonic="tx-bytes" engineeringType="network-size-in-bytes" engineeringName="Bytes Out"/><column mnemonic="rx-dups" engineeringType="network-size-in-bytes" engineeringName="Dups Received"/><column mnemonic="rx-ooo" engineeringType="network-size-in-bytes" engineeringName="Out-of-order"/><column mnemonic="tx-retx" engineeringType="network-size-in-bytes" engineeringName="Retransmitted"/><column mnemonic="min-rtt" engineeringType="duration" engineeringName="Min Round Trip"/><column mnemonic="average-rtt" engineeringType="duration" engineeringName="Avg Round Trip"/></schema></schemas>
