<?xml version="1.0"?>
<schemas><schema name="core-data-fault" topology="XRTD64_CC32_R_TypeID"><column mnemonic="start" engineeringType="start-time" engineeringName="Start" topologyField="XRTraceRelativeTimestampFieldID"/><column mnemonic="fault-duration" engineeringType="duration" engineeringName="Fault Duration" topologyField="XRDurationFieldID"/><column mnemonic="fault-object" engineeringType="string" engineeringName="Fault object"/><column mnemonic="backtrace" engineeringType="backtrace" engineeringName="Caller"/><column mnemonic="thread" engineeringType="thread" engineeringName="Thread"/><column mnemonic="narrative" engineeringType="narrative" engineeringName="Narrative"/></schema><schema name="core-data-relationship-fault" topology="XRTD64_CC32_R_TypeID"><column mnemonic="start" engineeringType="start-time" engineeringName="Start" topologyField="XRTraceRelativeTimestampFieldID"/><column mnemonic="fault-duration" engineeringType="duration" engineeringName="Relationship Fault Duration" topologyField="XRDurationFieldID"/><column mnemonic="relationship-fault-source" engineeringType="string" engineeringName="Relationship fault source"/><column mnemonic="relationship" engineeringType="string" engineeringName="Relationship"/><column mnemonic="backtrace" engineeringType="backtrace" engineeringName="Caller"/><column mnemonic="thread" engineeringType="thread" engineeringName="Thread"/><column mnemonic="narrative" engineeringType="narrative" engineeringName="Narrative"/></schema><schema name="core-data-fetch" topology="XRTD64_CC32_R_TypeID"><column mnemonic="start" engineeringType="start-time" engineeringName="Start" topologyField="XRTraceRelativeTimestampFieldID"/><column mnemonic="duration" engineeringType="duration" engineeringName="Fetch Duration" topologyField="XRDurationFieldID"/><column mnemonic="fetch-entity" engineeringType="string" engineeringName="Fetch entity"/><column mnemonic="fetch-count" engineeringType="uint64" engineeringName="Fetch count"/><column mnemonic="backtrace" engineeringType="backtrace" engineeringName="Caller"/><column mnemonic="spid" engineeringType="uint64" engineeringName="Signpost Identifier"/><column mnemonic="thread" engineeringType="thread" engineeringName="Thread"/></schema><schema name="core-data-save" topology="XRTD64_CC32_R_TypeID"><column mnemonic="start" engineeringType="start-time" engineeringName="Start" topologyField="XRTraceRelativeTimestampFieldID"/><column mnemonic="duration" engineeringType="duration" engineeringName="Save Duration" topologyField="XRDurationFieldID"/><column mnemonic="thread" engineeringType="thread" engineeringName="Thread"/><column mnemonic="backtrace" engineeringType="backtrace" engineeringName="Caller"/></schema></schemas>
