<?xml version="1.0"?>
<schemas><schema name="device-thermal-state-intervals" topology="XRTD64_CC32_R_TypeID"><column mnemonic="start" engineeringType="start-time" engineeringName="Start" topologyField="XRTraceRelativeTimestampFieldID"/><column mnemonic="duration" engineeringType="duration" engineeringName="Duration" topologyField="XRDurationFieldID"/><column mnemonic="end" engineeringType="start-time" engineeringName="End"/><column mnemonic="thermal-state" engineeringType="thermal-state" engineeringName="Thermal State"/><column mnemonic="track-label" engineeringType="string" engineeringName="Track"/><column mnemonic="is-induced" engineeringType="boolean" engineeringName="Is Induced"/><column mnemonic="narrative" engineeringType="narrative" engineeringName="Narrative"/></schema></schemas>
