<?xml version="1.0"?>
<schemas><schema name="time-sample" topology="XRT64_CC32_R_TypeID"><column mnemonic="time" engineeringType="sample-time" engineeringName="Timestamp" topologyField="XRTraceRelativeTimestampFieldID"/><column mnemonic="thread" engineeringType="thread" engineeringName="Thread" topologyField="XRCategory1FieldID"/><column mnemonic="core-index" engineeringType="core" engineeringName="Core Index"/><column mnemonic="thread-state" engineeringType="thread-state" engineeringName="Thread State"/><column mnemonic="cp-kernel-callstack" engineeringType="kperf-bt" engineeringName="Kernel Callstack ID"/><column mnemonic="cp-user-callstack" engineeringType="kperf-bt" engineeringName="User Callstack ID"/><column mnemonic="sample-type" engineeringType="time-sample-kind" engineeringName="Sample type"/></schema><schema name="kdebug-counters-with-time-sample" topology="XRT64_CC32_R_TypeID"><column mnemonic="time" engineeringType="sample-time" engineeringName="Timestamp" topologyField="XRTraceRelativeTimestampFieldID"/><column mnemonic="thread" engineeringType="thread" engineeringName="Thread" topologyField="XRCategory1FieldID"/><column mnemonic="core-index" engineeringType="core" engineeringName="Core Index"/><column mnemonic="thread-state" engineeringType="thread-state" engineeringName="Thread State"/><column mnemonic="sample-type" engineeringType="time-sample-kind" engineeringName="Sample type"/><column mnemonic="cp-kernel-callstack" engineeringType="kperf-bt" engineeringName="Kernel Callstack ID"/><column mnemonic="cp-user-callstack" engineeringType="kperf-bt" engineeringName="User Callstack ID"/><column mnemonic="counters-array" engineeringType="pmc-events" engineeringName="Counter Value Array"/></schema><schema name="pmi-sample" topology="XRT64_CC32_R_TypeID"><column mnemonic="time" engineeringType="sample-time" engineeringName="Timestamp" topologyField="XRTraceRelativeTimestampFieldID"/><column mnemonic="thread" engineeringType="thread" engineeringName="Thread" topologyField="XRCategory1FieldID"/><column mnemonic="core-index" engineeringType="core" engineeringName="Core Index"/><column mnemonic="thread-state" engineeringType="thread-state" engineeringName="Thread State"/><column mnemonic="pmi-count" engineeringType="uint64" engineeringName="PMI Counter Value"/><column mnemonic="cp-kernel-callstack" engineeringType="kperf-bt" engineeringName="Kernel Callstack ID"/><column mnemonic="cp-user-callstack" engineeringType="kperf-bt" engineeringName="User Callstack ID"/></schema><schema name="kdebug-counters-with-pmi-sample" topology="XRT64_CC32_R_TypeID"><column mnemonic="time" engineeringType="sample-time" engineeringName="Timestamp" topologyField="XRTraceRelativeTimestampFieldID"/><column mnemonic="thread" engineeringType="thread" engineeringName="Thread" topologyField="XRCategory1FieldID"/><column mnemonic="core-index" engineeringType="core" engineeringName="Core Index"/><column mnemonic="thread-state" engineeringType="thread-state" engineeringName="Thread State"/><column mnemonic="pmi-count" engineeringType="uint64" engineeringName="PMI Counter Value"/><column mnemonic="cp-kernel-callstack" engineeringType="kperf-bt" engineeringName="Kernel Callstack ID"/><column mnemonic="cp-user-callstack" engineeringType="kperf-bt" engineeringName="User Callstack ID"/><column mnemonic="counters-array" engineeringType="pmc-events" engineeringName="Counter Value Array"/></schema><schema name="kdebug-signpost" topology="XRT64_CC32_R_TypeID"><column mnemonic="time" engineeringType="event-time" engineeringName="Time" topologyField="XRTraceRelativeTimestampFieldID"/><column mnemonic="thread" engineeringType="thread" engineeringName="Thread" topologyField="XRCategory1FieldID"/><column mnemonic="process" engineeringType="process" engineeringName="Process"/><column mnemonic="name" engineeringType="signpost-name" engineeringName="Name"/><column mnemonic="type" engineeringType="kdebug-signpost-variant" engineeringName="Type"/><column mnemonic="arg1" engineeringType="kdebug-arg" engineeringName="Argument 1"/><column mnemonic="arg2" engineeringType="kdebug-arg" engineeringName="Argument 2"/><column mnemonic="arg3" engineeringType="kdebug-arg" engineeringName="Argument 3"/><column mnemonic="arg4" engineeringType="kdebug-arg" engineeringName="Argument 4"/><column mnemonic="backtrace" engineeringType="backtrace" engineeringName="Backtrace"/></schema><schema name="context-switch-sample" topology="XRT64_CC32_R_TypeID"><column mnemonic="time" engineeringType="event-time" engineeringName="Time" topologyField="XRTraceRelativeTimestampFieldID"/><column mnemonic="thread" engineeringType="thread" engineeringName="Thread" topologyField="XRCategory1FieldID"/><column mnemonic="process" engineeringType="process" engineeringName="Process"/><column mnemonic="core-index" engineeringType="core" engineeringName="Core Index"/><column mnemonic="thread-state" engineeringType="thread-state" engineeringName="Thread State"/><column mnemonic="backtrace" engineeringType="backtrace" engineeringName="Backtrace"/></schema><schema name="kdebug-signpost-interval" topology="XRTD64_CC32_R_TypeID"><column mnemonic="start" engineeringType="event-time" engineeringName="Start" topologyField="XRTraceRelativeTimestampFieldID"/><column mnemonic="duration" engineeringType="duration" engineeringName="Duration" topologyField="XRDurationFieldID"/><column mnemonic="process" engineeringType="process" engineeringName="Process" topologyField="XRCategory1FieldID"/><column mnemonic="name" engineeringType="signpost-name" engineeringName="Name" topologyField="XRCategory2FieldID"/><column mnemonic="start-thread" engineeringType="thread" engineeringName="Start Thread"/><column mnemonic="start-arg1" engineeringType="kdebug-arg" engineeringName="Start Arg1"/><column mnemonic="start-arg2" engineeringType="kdebug-arg" engineeringName="Start Arg2"/><column mnemonic="start-arg3" engineeringType="kdebug-arg" engineeringName="Start Arg3"/><column mnemonic="start-arg4" engineeringType="kdebug-arg" engineeringName="Start Arg4"/><column mnemonic="start-backtrace" engineeringType="backtrace" engineeringName="Start Backtrace"/><column mnemonic="end-thread" engineeringType="thread" engineeringName="End Thread"/><column mnemonic="end-arg1" engineeringType="kdebug-arg" engineeringName="End Arg1"/><column mnemonic="end-arg2" engineeringType="kdebug-arg" engineeringName="End Arg2"/><column mnemonic="end-arg3" engineeringType="kdebug-arg" engineeringName="End Arg3"/><column mnemonic="end-arg4" engineeringType="kdebug-arg" engineeringName="End Arg4"/><column mnemonic="end-backtrace" engineeringType="backtrace" engineeringName="End Backtrace"/></schema></schemas>
