<?xml version="1.0"?>
<schemas><schema name="hitches-hid-input" topology="XRT64_CC32_R_TypeID"><column mnemonic="input-time" engineeringType="event-time" engineeringName="Input Time" topologyField="XRTraceRelativeTimestampFieldID"/><column mnemonic="narrative" engineeringType="formatted-label" engineeringName="Description"/><column mnemonic="color" engineeringType="render-buffer-depth" engineeringName="Color"/><column mnemonic="hitch-id" engineeringType="uint32" engineeringName="Hitch ID"/><column mnemonic="layout-qualifier" engineeringType="layout-id" engineeringName="Layout ID"/></schema><schema name="hitches-hid-signal" topology="XRT64_CC32_R_TypeID"><column mnemonic="handover-time" engineeringType="event-time" engineeringName="Handover Time" topologyField="XRTraceRelativeTimestampFieldID"/><column mnemonic="narrative" engineeringType="formatted-label" engineeringName="Description"/><column mnemonic="color" engineeringType="render-buffer-depth" engineeringName="Color"/><column mnemonic="hitch-id" engineeringType="uint32" engineeringName="Hitch ID"/><column mnemonic="layout-qualifier" engineeringType="layout-id" engineeringName="Layout ID"/></schema><schema name="hitches-lifetime-interval" topology="XRTD64_CC32_R_TypeID"><column mnemonic="start" engineeringType="start-time" engineeringName="Start" topologyField="XRTraceRelativeTimestampFieldID"/><column mnemonic="duration" engineeringType="duration" engineeringName="Duration" topologyField="XRDurationFieldID"/><column mnemonic="hitch-id" engineeringType="uint32" engineeringName="Hitch ID"/><column mnemonic="swap-id" engineeringType="uint32" engineeringName="Swap ID"/><column mnemonic="frame-seed" engineeringType="uint32" engineeringName="Frame Seed"/><column mnemonic="expected-presentation-time" engineeringType="event-time" engineeringName="Hitch Begin"/><column mnemonic="presentation-time" engineeringType="event-time" engineeringName="Presentation"/><column mnemonic="hitch-duration" engineeringType="duration" engineeringName="Hitch Duration"/><column mnemonic="acceptable-latency" engineeringType="duration" engineeringName="Acceptable latency"/><column mnemonic="narrative" engineeringType="formatted-label" engineeringName="Description"/><column mnemonic="severity" engineeringType="event-concept" engineeringName="Severity"/><column mnemonic="color" engineeringType="render-buffer-depth" engineeringName="Color"/><column mnemonic="context-count" engineeringType="uint32" engineeringName="Context Count"/><column mnemonic="buffer-count" engineeringType="uint32" engineeringName="Buffer Count"/><column mnemonic="refresh-interval" engineeringType="uint32" engineeringName="Refresh Interval"/><column mnemonic="layout-qualifier" engineeringType="layout-id" engineeringName="Layout ID"/></schema><schema name="hitches-summary" topology="XRTD64_CC32_R_TypeID"><column mnemonic="start" engineeringType="start-time" engineeringName="Hitch Begin" topologyField="XRTraceRelativeTimestampFieldID"/><column mnemonic="duration" engineeringType="duration" engineeringName="Hitch Duration" topologyField="XRDurationFieldID"/><column mnemonic="swap-id" engineeringType="uint32" engineeringName="Swap ID"/><column mnemonic="earliest-time" engineeringType="event-time" engineeringName="Earliest"/><column mnemonic="presentation-time" engineeringType="event-time" engineeringName="Presentation"/><column mnemonic="latency-allowed" engineeringType="duration" engineeringName="Acceptable latency"/><column mnemonic="narrative" engineeringType="formatted-label" engineeringName="Description"/><column mnemonic="severity" engineeringType="event-concept" engineeringName="Severity"/><column mnemonic="color" engineeringType="render-buffer-depth" engineeringName="Color"/><column mnemonic="layout-qualifier" engineeringType="layout-id" engineeringName="Layout ID"/><column mnemonic="hitch-id" engineeringType="uint32" engineeringName="Hitch ID"/><column mnemonic="context-count" engineeringType="uint32" engineeringName="Context Count"/><column mnemonic="buffer-count" engineeringType="uint32" engineeringName="Buffer Count"/><column mnemonic="refresh-interval" engineeringType="uint32" engineeringName="Refresh Interval"/><column mnemonic="type-label" engineeringType="string" engineeringName="Hitch Type"/></schema><schema name="hitches-hid-dispatch-interval" topology="XRTD64_CC32_R_TypeID"><column mnemonic="start" engineeringType="start-time" engineeringName="Processing Start" topologyField="XRTraceRelativeTimestampFieldID"/><column mnemonic="duration" engineeringType="duration" engineeringName="Duration" topologyField="XRDurationFieldID"/><column mnemonic="narrative" engineeringType="formatted-label" engineeringName="Description"/><column mnemonic="color" engineeringType="render-buffer-depth" engineeringName="Color"/><column mnemonic="swap-id" engineeringType="uint32" engineeringName="Swap ID"/><column mnemonic="hitch-id" engineeringType="uint32" engineeringName="Hitch ID"/><column mnemonic="layout-qualifier" engineeringType="layout-id" engineeringName="Layout ID"/><column mnemonic="hid-type" engineeringType="string" engineeringName="Event Type"/><column mnemonic="input-time" engineeringType="event-time" engineeringName="Input Time"/><column mnemonic="handover-time" engineeringType="event-time" engineeringName="Handover Time"/></schema><schema name="hitches-commit-interval" topology="XRTD64_CC32_R_TypeID"><column mnemonic="start" engineeringType="start-time" engineeringName="Start" topologyField="XRTraceRelativeTimestampFieldID"/><column mnemonic="duration" engineeringType="duration" engineeringName="Duration" topologyField="XRDurationFieldID"/><column mnemonic="hitch-id" engineeringType="uint32" engineeringName="Hitch ID"/><column mnemonic="swap-id" engineeringType="uint32" engineeringName="Swap ID"/><column mnemonic="narrative" engineeringType="formatted-label" engineeringName="Description"/><column mnemonic="severity" engineeringType="event-concept" engineeringName="Severity"/><column mnemonic="color" engineeringType="render-buffer-depth" engineeringName="Color"/><column mnemonic="commit-count" engineeringType="uint32" engineeringName="Commit Count"/><column mnemonic="layout-qualifier" engineeringType="layout-id" engineeringName="Layout ID"/></schema><schema name="hitches-ca-commit-interval" topology="XRTD64_CC32_R_TypeID"><column mnemonic="start" engineeringType="start-time" engineeringName="Start" topologyField="XRTraceRelativeTimestampFieldID"/><column mnemonic="duration" engineeringType="duration" engineeringName="Duration" topologyField="XRDurationFieldID"/><column mnemonic="process" engineeringType="process" engineeringName="Process"/><column mnemonic="thread" engineeringType="thread" engineeringName="Thread"/><column mnemonic="severity" engineeringType="event-concept" engineeringName="Severity"/><column mnemonic="color" engineeringType="render-buffer-depth" engineeringName="Color"/><column mnemonic="layout-qualifier" engineeringType="layout-id" engineeringName="Layout ID"/></schema><schema name="hitches-render-interval" topology="XRTD64_CC32_R_TypeID"><column mnemonic="start" engineeringType="start-time" engineeringName="Start" topologyField="XRTraceRelativeTimestampFieldID"/><column mnemonic="duration" engineeringType="duration" engineeringName="Duration" topologyField="XRDurationFieldID"/><column mnemonic="hid-delivery" engineeringType="event-time" engineeringName="HID Delivery"/><column mnemonic="process" engineeringType="process" engineeringName="Process"/><column mnemonic="narrative" engineeringType="formatted-label" engineeringName="Description"/><column mnemonic="severity" engineeringType="event-concept" engineeringName="Severity"/><column mnemonic="color" engineeringType="render-buffer-depth" engineeringName="Color"/><column mnemonic="render-count" engineeringType="uint32" engineeringName="Render Count"/><column mnemonic="buffer-count" engineeringType="uint32" engineeringName="Buffer Count"/><column mnemonic="display-id" engineeringType="uint32" engineeringName="Display ID"/><column mnemonic="frame-seed" engineeringType="uint32" engineeringName="Frame Seed"/><column mnemonic="swap-id" engineeringType="uint32" engineeringName="Swap ID"/><column mnemonic="hitch-id" engineeringType="uint32" engineeringName="Hitch ID"/></schema><schema name="hitches-gpu-interval" topology="XRTD64_CC32_R_TypeID"><column mnemonic="start" engineeringType="start-time" engineeringName="Start" topologyField="XRTraceRelativeTimestampFieldID"/><column mnemonic="duration" engineeringType="duration" engineeringName="Duration" topologyField="XRDurationFieldID"/><column mnemonic="hitch-id" engineeringType="uint32" engineeringName="Hitch ID"/><column mnemonic="swap-id" engineeringType="uint32" engineeringName="Swap ID"/><column mnemonic="narrative" engineeringType="formatted-label" engineeringName="Description"/><column mnemonic="severity" engineeringType="event-concept" engineeringName="Severity"/><column mnemonic="color" engineeringType="render-buffer-depth" engineeringName="Color"/><column mnemonic="render-count" engineeringType="uint32" engineeringName="Render Count"/><column mnemonic="buffer-count" engineeringType="uint32" engineeringName="Buffer Count"/><column mnemonic="layout-qualifier" engineeringType="layout-id" engineeringName="Layout ID"/></schema></schemas>
