<?xml version="1.0"?>
<schemas><schema name="gcd-perf-event" topology="XRT64_CC32_R_TypeID"><column mnemonic="timestamp" engineeringType="sample-time" engineeringName="Sample time" topologyField="XRTraceRelativeTimestampFieldID"/><column mnemonic="thread" engineeringType="thread" engineeringName="Thread" topologyField="XRCategory1FieldID"/><column mnemonic="code" engineeringType="uint64" engineeringName="Trace Code"/><column mnemonic="severity" engineeringType="event-concept" engineeringName="Severity"/><column mnemonic="dispatch-perf-event" engineeringType="string" engineeringName="Dispatch Perf Event"/><column mnemonic="dispatch-queue" engineeringType="address" engineeringName="Dispatch Queue"/><column mnemonic="dispatch-source" engineeringType="address" engineeringName="Dispatch Source"/><column mnemonic="old-target-queue" engineeringType="address" engineeringName="Old Target Queue"/><column mnemonic="new-target-queue" engineeringType="address" engineeringName="New Target Queue"/><column mnemonic="label" engineeringType="text-symbol" engineeringName="Label"/><column mnemonic="backtrace" engineeringType="backtrace" engineeringName="Backtrace"/><column mnemonic="running-cpu" engineeringType="core" engineeringName="CPU"/></schema></schemas>
