<?xml version="1.0"?>
<schemas><schema name="counters-profile" topology="XRT64_CC32_R_TypeID"><column mnemonic="time" engineeringType="sample-time" engineeringName="Sample Time" topologyField="XRTraceRelativeTimestampFieldID"/><column mnemonic="thread" engineeringType="thread" engineeringName="Thread" topologyField="XRCategory1FieldID"/><column mnemonic="process" engineeringType="process" engineeringName="Process"/><column mnemonic="core" engineeringType="core" engineeringName="Core"/><column mnemonic="thread-state" engineeringType="thread-state" engineeringName="State"/><column mnemonic="stack" engineeringType="backtrace" engineeringName="Backtrace"/><column mnemonic="weight" engineeringType="any" engineeringName="Weight"/><column mnemonic="counters-array" engineeringType="pmc-events" engineeringName="Counter Value Array"/></schema><schema name="cpu-pmc-value" topology="XRT64_CC32_R_TypeID"><column mnemonic="time" engineeringType="sample-time" engineeringName="Sample Time" topologyField="XRTraceRelativeTimestampFieldID"/><column mnemonic="thread" engineeringType="thread" engineeringName="Thread" topologyField="XRCategory1FieldID"/><column mnemonic="process" engineeringType="process" engineeringName="Process"/><column mnemonic="core" engineeringType="core" engineeringName="Core"/><column mnemonic="sample-index" engineeringType="uint64" engineeringName="Sample Index"/><column mnemonic="name" engineeringType="pmc-event-name" engineeringName="PMC Name"/><column mnemonic="value" engineeringType="uint64" engineeringName="PMC Value"/></schema></schemas>
